fecha,bloque,nombre_bloque,posicion_del_dia,id_pregunta,tipo,temas_gcp,temas_ml,productos_gcp,pregunta
2026-10-04,1,"Datos, diseño y fundamentos de ML",1,911,single_choice,Data preprocessing | Model training | Data storage | Feature engineering | Data pipeline,Classification | Tabular data | Categorical features | Numerical features | MaxMin scaler | One-hot encoding | Model training | Feature engineering | TensorFlow,BigQuery | TFX | Dataflow | Cloud Storage | Vertex AI Training,"You are developing a custom TensorFlow classification model based on tabular data. Your raw data is stored in BigQuery. contains hundreds of millions of rows, and includes both categorical and numerical features. You need to use a MaxMin scaler on some numerical features, and apply a one-hot encoding to some categorical features such as SKU names. Your model will be trained over multiple epochs. You want to minimize the effort and cost of your solution. What should you do?"
2026-10-04,1,"Datos, diseño y fundamentos de ML",2,359,multiple_choice,Data preprocessing | Preprocessing pipeline | Distributed preprocessing | Scalable preprocessing,Feature engineering | Standardizing numerical data | One-hot encoding | Model training | Preprocessing,BigQuery | Vertex AI | Dataflow | TensorFlow Transform (TFT),"An ML Engineer is tasked with performing feature engineering (e.g., standardizing numerical data and one-hot encoding categorical data) on a multi-terabyte dataset stored in BigQuery before using it for model training on Vertex AI. The preprocessing must be highly scalable and applied consistently. Which two Google Cloud services are the most appropriate combination for building this highly scalable, distributed preprocessing pipeline? (Select Two)"
2026-10-04,1,"Datos, diseño y fundamentos de ML",3,882,single_choice,Data pipeline | Data preprocessing | Model training | Model prediction | Feature engineering | Performance optimization,Demand forecasting | Data preprocessing | Model training | Prediction | Z-score normalization | Feature engineering,Dataflow | BigQuery,"You have a demand forecasting pipeline in production that uses Dataflow to preprocess raw data prior to model training and prediction. During preprocessing, you employ Z-score normalization on data stored in BigQuery and write it back to BigQuery. New training data is added every week. You want to make the process more efficient by minimizing computation time and manual intervention. What should you do?"
2026-10-04,1,"Datos, diseño y fundamentos de ML",4,297,multiple_choice,Data storage | Data preprocessing | Data transformation | Data access,Data preprocessing | Data transformation | Model building | Data loading,BigQuery,"Your team is working on a great number of ML projects for an international consulting firm. The management has decided to store most of the data to be used for ML models in BigQuery. The motivation is that BigQuery allows for preprocessing and transformations easily and with standard SQL. It is highly structured; so it offers efficiency, integration and security. Your team must create and modify code to directly access BigQuery data for building models in different environments. What are the tools you can use (pick 3)?"
2026-10-04,1,"Datos, diseño y fundamentos de ML",5,469,single_choice,Data storage | Data preprocessing | Cloud migration,Tensorflow | Keras | Tabular data | Data preprocessing | Data loading,Cloud Storage | BigQuery | Dataflow,"In your company you use Tensorflow and Keras as main libraries for Machine Learning and your data is stored in disk files, so block storage. Recently there has been the migration of all the management computing systems to Google Cloud and management has requested that the files should be stored in Cloud Storage and that the tabular data should be stored in BigQuery and pre-processed with Dataflow. Which of the following techniques is NOT suitable for accessing tabular data as required?"
2026-10-04,1,"Datos, diseño y fundamentos de ML",6,480,single_choice,Data pipeline | Data processing | Data analytics | Data residency | SQL interface | PII protection,Sentiment analysis | PII redaction | Natural Language Processing,Cloud Storage | Dataflow | BigQuery,"The call center of your organization has requested the development of a model that is able to analyze customer sentiments in each call. With over one million calls daily, data is stored in Cloud Storage, and it is necessary to ensure that the collected data does not leave the region where the call originated, as well as that no Personally Identifiable Information (PII) is stored or analyzed. The data science team is equipped with a third-party tool for visualization and access to the data, which requires a SQL ANSI-2011 compliant interface. To design an effective data pipeline, it is necessary to select components for data processing and analytics. What is the best approach to take when designing the data pipeline?"
2026-10-04,1,"Datos, diseño y fundamentos de ML",7,561,single_choice,Data pipeline | Data processing | Data analytics | Data residency | Data storage,Sentiment analysis | Natural Language Processing | Data privacy | PII redaction,Cloud Storage | Dataflow | BigQuery,"Your organization's call center has asked you to develop a model that analyzes customer sentiments in each call. The call center receives over one million calls daily, and data is stored in Cloud Storage. The data collected must not leave the region in which the call originated, and no Personally Identifiable Information (Pll) can be stored or analyzed. The data science team has a third-party tool for visualization and access which requires a SQL ANSI-2011 compliant interface. You need to select components for data processing and for analytics. How should the data pipeline be designed?"
2026-10-04,1,"Datos, diseño y fundamentos de ML",8,614,single_choice,Data Ingestion | Data Analytics | Data Pipeline | Feature Engineering | Feature Management | Online Prediction,Feature Engineering | Online Prediction | Data Analytics | ML Pipelines,Cloud Storage | BigQuery | Dataflow | Vertex AI Feature Store,"You work at a large organization that recently decided to move their ML and data workloads to Google Cloud. The data engineering team has exported the structured data to a Cloud Storage bucket in Avro format. You need to propose a workflow that performs analytics, creates features, and hosts the features that your ML models use for online prediction. How should you configure the pipeline?"
2026-10-04,1,"Datos, diseño y fundamentos de ML",9,733,single_choice,Training pipeline | Feature engineering | Autologging | Pipeline runs comparison,XGBoost | Classification | Tabular data | Data splitting | Feature engineering | Metrics | Model comparison | Training pipeline,BigQuery | Vertex AI Pipelines | Vertex AI Experiments,You are developing a training pipeline for a new XGBoost classification model based on tabular data. The data is stored in a BigQuery table. You need to complete the following steps: - Randomly split the data into training and evaluation datasets in a 65/35 ratio - Conduct feature engineering - Obtain metrics for the evaluation dataset - Compare models trained in different pipeline executions How should you execute these steps?
2026-10-04,1,"Datos, diseño y fundamentos de ML",10,515,single_choice,Model deployment | Data preprocessing | Model evaluation | Data analysis,Regression | Data Privacy | Post-training analysis | Data slicing | Bias | Fairness | Model evaluation | Data distribution | Feature engineering | Preprocessing | Bucketization,General,"You recently developed a regression model based on a training dataset that does not contain personally identifiable information (PII) data in compliance with regulatory requirements. Before deploying the model, you perform post-training analysis on multiple data slices and discover that the model is under-predicting for users who are more than 60 years old. You want to remove age bias while maintaining similar training offline performance. What should you do?"
2026-10-04,1,"Datos, diseño y fundamentos de ML",11,559,single_choice,Model training | Data storage | Feature engineering | Tabular data,Multiclass classification | Logistic regression | Tabular data | Feature engineering | Data types,Vertex AI | AutoML | Cloud Storage,"Your team is preparing a multiclass logistic regression model with tabular data. The environment is Vertex AI with Auto ML, and your data is stored in a CSV file in Cloud Storage. AutoML can perform transformations on the data to make the most of it. Which of the following types of transformations are you not allowed, based on your requirements?"
2026-10-04,1,"Datos, diseño y fundamentos de ML",12,761,single_choice,Data storage | Data transformation | Data privacy | Data ingestion | Data de-identification,Model training | Fraud detection | Data analysis,Cloud Storage | BigQuery | DLP API,You work for a bank. You need to train a model by using unstructured data stored in Cloud Storage that predicts whether credit card transactions are fraudulent. The data needs to be converted to a structured format to facilitate analysis in BigQuery. Company policy requires that data containing personally identifiable information (PII) remain in Cloud Storage. You need to implement a scalable solution that preserves the data’s value for analysis. What should you do?
2026-10-04,1,"Datos, diseño y fundamentos de ML",13,286,single_choice,Data storage | Machine learning workflows | Exploratory data analysis | Feature selection | Model building | Model training | Hyperparameter tuning | Model serving,Classification | Structured data | Exploratory data analysis | Feature selection | Model building | Training | Hyperparameter tuning | Model serving | No-code ML,BigQuery | AutoML Tables,"You need to build classification workflows over several structured datasets currently stored in BigQuery. Because you will be performing the classification several times, you want to complete the following steps without writing code: exploratory data analysis, feature selection, model building, training, and hyperparameter tuning and serving. What should you do?"
2026-10-04,1,"Datos, diseño y fundamentos de ML",14,340,single_choice,Data ingestion | Data storage | In-database machine learning,Forecasting | Time series forecasting | ARIMA | Model training | Experimentation,Cloud Storage | BigQuery | BigQuery ML,You work for a large retailer. You want to use ML to forecast future sales leveraging 10 years of historical sales data. The historical data is stored in Cloud Storage in Avro format. You want to rapidly experiment with all the available data. How should you build and train your model for the sales forecast?
2026-10-04,1,"Datos, diseño y fundamentos de ML",15,409,single_choice,Model training | Inference | Feature preprocessing | Workflow automation | TRANSFORM clause,Linear regression | Model training | Inference | Feature preprocessing | Quantile bucketization | MinMax scaling,BigQuery ML | BigQuery | Cloud Scheduler | Vertex AI Pipelines,"You have developed a BigQuery ML linear regression model using a training dataset stored in a BigQuery table, which receives new data every minute. To automate hourly model training and direct inference, you employ Cloud Scheduler and Vertex AI Pipelines. The feature preprocessing involves quantile bucketization and MinMax scaling on data from the past hour. To minimize storage and computational overhead, what approach should you take?"
2026-10-04,1,"Datos, diseño y fundamentos de ML",16,748,single_choice,Data preprocessing | Model training | BigQuery views | SQL query,Classification | Tabular data | Categorical features | Numerical features | MaxMin scaler | One-hot encoding | Model training,BigQuery | Vertex AI Training | TensorFlow,"You're developing a custom TensorFlow classification model based on tabular data stored in BigQuery. The dataset comprises hundreds of millions of rows with both categorical and numerical features. Your goal is to use a MaxMin scaler on some numerical features and apply one-hot encoding to categorical features like SKU names. The model will be trained over multiple epochs, and you aim to minimize both effort and cost. What approach should you take?"
2026-10-04,1,"Datos, diseño y fundamentos de ML",17,827,single_choice,Model training | Model inference | Feature preprocessing | Automation | SQL query | TRANSFORM clause | CREATE MODEL statement,Linear regression | Model training | Inference | Feature preprocessing | Quantile bucketization | MinMax scaling | Automation,BigQuery ML | BigQuery | Cloud Scheduler | Vertex AI Pipelines,"You developed a BigQuery ML linear regressor model by using a training dataset stored in a BigQuery table. New data is added to the table every minute. You are using Cloud Scheduler and Vertex AI Pipelines to automate hourly model training, and use the model for direct inference. The feature preprocessing logic includes quantile bucketization and MinMax scaling on data received in the last hour. You want to minimize storage and computational overhead. What should you do?"
2026-10-04,1,"Datos, diseño y fundamentos de ML",18,122,single_choice,Data storage | Data processing | Data de-identification | Data encryption | Data pipeline,Model training | Data privacy | Data security | Model performance,BigQuery | Cloud Data Loss Prevention (DLP) API | Dataflow,"When preparing to train an ML model with data stored in BigQuery, it is necessary to reduce the sensitivity of the data due to the presence of Personally Identifiable Information (PII). All of the columns are vital to the model‘s performance. What steps can be taken to ensure the necessary privacy is maintained while still leveraging the data?"
2026-10-04,1,"Datos, diseño y fundamentos de ML",19,145,single_choice,Data pipeline | Data preprocessing | Model training | Model prediction,Demand forecasting | Data preprocessing | Model training | Prediction | Normalization | MLOps,Dataflow | BigQuery,"Your production demand forecasting pipeline preprocesses raw data using Dataflow before model training and prediction. This involves applying Z-score normalization to data in BigQuery and then writing it back. With new training data added weekly, your goal is to enhance efficiency by reducing both computation time and manual effort. What steps should you take to achieve this?"
2026-10-04,1,"Datos, diseño y fundamentos de ML",20,154,single_choice,Data storage | Data de-identification | Data encryption | Data processing,Model training | Data preparation | Data privacy,BigQuery | Cloud Data Loss Prevention (DLP) API | Dataflow,"You are in the process of training a machine learning model utilizing a dataset stored in BigQuery, and this dataset contains numerous values classified as Personally Identifiable Information (PII). Your objective is to decrease the dataset's sensitivity prior to commencing model training, and it's essential to retain all columns in the dataset as they are crucial for your model. What steps should you take in this situation?"
2026-10-04,1,"Datos, diseño y fundamentos de ML",21,206,single_choice,Classification | Exploratory data analysis | Feature selection | Model construction | Model training | Hyperparameter tuning | Model deployment,Classification | Exploratory data analysis | Feature selection | Model construction | Training | Hyperparameter tuning | Deployment | AutoML,BigQuery | Vertex AI | AutoML,"You require the creation of classification workflows for multiple structured datasets that are currently housed in BigQuery. Since you will need to perform this classification process repeatedly, you aim to execute the following tasks without the need for manual coding: exploratory data analysis, feature selection, model construction, training, hyperparameter tuning, and deployment. What course of action should you take to achieve this?"
2026-10-04,1,"Datos, diseño y fundamentos de ML",22,209,single_choice,Data storage | Data ingestion | Data preprocessing | Data loading | Time series forecasting,Time series forecasting | Data preprocessing | Tabular data,Cloud Storage | BigQuery,You are an AI engineer with an apparel retail company. The sales team has observed seasonal sales patterns over the past 5-6 years. The sales team analyzes and visualizes the weekly sales data stored in CSV files. You have been asked to estimate weekly sales for future seasons to optimize inventory and personnel workloads. You want to use the most efficient approach. What should you do?
2026-10-04,1,"Datos, diseño y fundamentos de ML",23,342,single_choice,Data preparation | Model training | Manual data splitting,User Lifetime Value (LTV) prediction | Tabular data | Model training | AutoML | Data splitting | Validation set | Testing set | Training set | Time-series data,BigQuery | AutoML Tables,"You work for a large hotel chain and have been asked to assist the marketing team in gathering predictions for a targeted marketing strategy. You need to make predictions about user lifetime value (LTV) over the next 20 days so that marketing can be adjusted accordingly. The customer dataset is in BigQuery, and you are preparing the tabular data for training with AutoML Tables. This data has a time signal that is spread across multiple columns. How should you ensure that AutoML fits the best model to your data?"
2026-10-04,1,"Datos, diseño y fundamentos de ML",24,364,single_choice,Data preparation | Model training | Time-based data splitting,User lifetime value (LTV) | Tabular data | AutoML | Data splitting | Validation set | Testing set | Time-series data,BigQuery | AutoML Tables,"You work for a large hotel chain and have been asked to assist the marketing team in gathering predictions for a targeted marketing strategy. You need to make predictions about user lifetime value (LTV) over the next 30 days so that marketing can be adjusted accordingly. The customer dataset is in BigQuery, and you are preparing the tabular data for training with AutoML Tables. This data has a time signal that is spread across multiple columns. How should you ensure that AutoML fits the best model to your data?"
2026-10-04,1,"Datos, diseño y fundamentos de ML",25,366,single_choice,Data Storage | Data Exploration | Development Environment | Data Querying,Recommendation Systems | Exploratory Data Analysis (EDA) | Data Preprocessing | Model Training | Experimentation,BigQuery | Cloud Storage | Vertex AI Workbench,"You are developing a recommendation engine for an online clothing store. The historical customer transaction data is stored in BigQuery and Cloud Storage. You need to perform exploratory data analysis (EDA), preprocessing and model training. You plan to rerun these EDA, preprocessing, and training steps as you experiment with different types of algorithms. You want to minimize the cost and development effort of running these steps as you experiment. How should you configure the environment?"
2026-10-04,1,"Datos, diseño y fundamentos de ML",26,488,multiple_choice,Data preparation | Feature engineering,Linear regression | Feature engineering | Multicollinearity | Categorical data | Feature crossing | Bucketization,BigQuery,"You are a junior Data Scientist, and you work in a Governmental Institution. You are preparing data for a linear regression model for Demographic research. You need to choose and manage the correct feature. Your input data is in BigQuery. You know very well that you have to avoid multicollinearity and optimize categories. So you need to group some features together and create macro categories. In particular, you have to join country and language in one variable and divide data between 5 income classes. Which ones of the following options can you use (pick 2)?"
2026-10-04,1,"Datos, diseño y fundamentos de ML",27,574,single_choice,Data preprocessing | Managed datasets | Data ingestion | AutoML training,AutoML | Regression | Data preprocessing | Model training,BigQuery | Vertex AI,"You are eager to train an AutoML model for predicting house prices using a compact public dataset stored in BigQuery. Your primary objective is to prepare the data efficiently, opting for the simplest and most straightforward approach. What step should you take to achieve this goal?"
2026-10-04,1,"Datos, diseño y fundamentos de ML",28,619,single_choice,Model lineage | Artifact tracking | Data ingestion | Model deployment | Pipeline orchestration,Model training | Model deployment | Data lineage | Model versioning | TFRecord | Root cause analysis | Classification | Metadata management,Vertex AI Pipelines | BigQuery | Cloud Storage | Vertex AI Training | Vertex AI | Vertex AI Metadata,"You are investigating the root cause of a misclassification error made by one of your models. You used Vertex AI Pipelines to train and deploy the model. The pipeline reads data from BigQuery. creates a copy of the data in Cloud Storage in TFRecord format, trains the model in Vertex AI Training on that copy, and deploys the model to a Vertex AI endpoint. You have identified the specific version of that model that misclassified, and you need to recover the data this model was trained on. How should you find that copy of the data?"
2026-10-04,1,"Datos, diseño y fundamentos de ML",29,629,single_choice,Data storage | Data processing | Model training | Model evaluation | Pipeline orchestration | Containerization,Model training | Data preprocessing | Model evaluation | ML Pipelines | Containerization | Data transformation,Cloud Storage | Kubeflow Pipelines,"You have built a model that is trained on data stored in Parquet files. You access the data through a Hive table hosted on Google Cloud. You preprocessed these data with PySpark and exported it as a CSV file into Cloud Storage. After preprocessing, you execute additional steps to train and evaluate your model. You want to parametrize this model training in Kubeflow Pipelines. What should you do?"
2026-10-04,1,"Datos, diseño y fundamentos de ML",30,631,single_choice,Data analysis | Data transformation | Real-time ingestion | Streaming job | Data ingestion,Data analysis | Data transformation | ML experimentation | ML algorithms,BigQuery | Pub/Sub | Dataflow,"In order to effectively analyze user activity data from your company‘s mobile applications, your team will be utilizing BigQuery for data analysis, transformation and experimentation with ML algorithms. To guarantee real-time ingestion of the user activity data into BigQuery, what should be done?"
2026-10-04,1,"Datos, diseño y fundamentos de ML",31,688,single_choice,Data ingestion | Pipeline orchestration | Model training | Managed services,Generative AI | Text-to-image | Data statistics | Data splitting | Data transformation | Model training | Model validation | MLOps,Cloud Storage | TensorFlow Extended (TFX) | Dataflow | Vertex AI | Vertex AI Pipelines,"You are building a TensorFlow text-to-image generative model by using a dataset that contains billions of images with their respective captions. You want to create a low maintenance, automated workflow that reads the data from a Cloud Storage bucket collects statistics, splits the dataset into training/validation/test datasets performs data transformations trains the model using the training/validation datasets, and validates the model by using the test dataset. What should you do?"
2026-10-04,1,"Datos, diseño y fundamentos de ML",32,791,single_choice,Data storage | Exploratory data analysis | Feature selection | Model construction | Model training | Hyperparameter tuning | Model deployment,Classification | Structured data | Exploratory data analysis | Feature selection | Model construction | Training | Hyperparameter tuning | Deployment | No-code ML,BigQuery | Vertex AI | AutoML Tables,"To perform multiple classifications on various structured datasets stored in BigQuery, you aim to execute these steps without coding: exploratory data analysis, feature selection, model construction, training, hyperparameter tuning, and deployment. What is the recommended approach?"
2026-10-04,1,"Datos, diseño y fundamentos de ML",33,490,single_choice,Real-time data ingestion | Data analysis | Data transformation | ML experimentation | Streaming data,Data analysis | Data transformation | ML experimentation,BigQuery | Pub/Sub,"To analyze user activity data from your company's mobile applications using BigQuery for data analysis, transformation, and ML algorithm experimentation, you must establish real-time data ingestion into BigQuery. What steps should you take to achieve this?"
2026-10-04,1,"Datos, diseño y fundamentos de ML",34,881,single_choice,Data storage | Data ingestion | Model training | Recommendation systems,Recommendation systems | Matrix factorization | Structured data | Model training,Cloud Storage | BigQuery | BigQuery ML,"You work at a gaming startup that has several terabytes of structured data in Cloud Storage. This data includes gameplay time data, user metadata, and game metadata. You want to build a model that recommends new games to users that requires the least amount of coding. What should you do?"
2026-10-04,1,"Datos, diseño y fundamentos de ML",35,915,single_choice,Data storage | Batch training | Exploratory Data Analysis (EDA) | Cost optimization | Storage classes,Batch training | Exploratory Data Analysis (EDA) | Unstructured data,Vertex AI | Cloud Storage,"A Machine Learning Engineer needs to manage a vast, multi-petabyte repository of raw, unstructured log files generated daily. This data is used primarily for batch training jobs and intermittent Exploratory Data Analysis (EDA) . Retrieval speed is not critical for EDA, but training must be highly scalable, and cost efficiency is the highest priority for storage. Which Google Cloud storage class is the most appropriate and cost-effective solution for this large-scale data repository on the Vertex Vertex AI?"
2026-10-04,1,"Datos, diseño y fundamentos de ML",36,156,single_choice,Data ingestion | Data storage | Model development | Scalability,Model development | Training | Model comparison | Scalability | Data ingestion,BigQuery | Vertex AI | TensorFlow | TensorFlow I/O,"Working on a data science team at a bank, the task is to develop an ML model for predicting loan default risk. Hundreds of millions of records worth of training data have been collected and cleaned in a BigQuery table. To develop and compare multiple models on this data, TensorFlow and Vertex AI should be used. However, scalability should be taken into account while aiming to minimize any bottlenecks during the data ingestion phase. What is the best way to achieve this?"
2026-10-04,1,"Datos, diseño y fundamentos de ML",37,375,single_choice,Data preparation | Model training | Data storage,Predictive maintenance | Feature engineering | Logistic regression | Classification | Imbalanced data | Time-series data,BigQuery | BigQuery ML,You work for a manufacturing company that owns a high-value machine which has several machine settings and multiple sensors. A history of the machine’s hourly sensor readings and known failure event data are stored in BigQuery. You need to predict if the machine will fail within the next 3 days in order to schedule maintenance before the machine fails. Which data preparation and model training steps should you take?
2026-10-04,1,"Datos, diseño y fundamentos de ML",38,420,single_choice,Data visualization | Dashboarding | Reporting | Exploratory data analysis (EDA),Exploratory data analysis (EDA) | Feature distributions | Correlations | Data quality metrics,Looker Studio | BigQuery,"Scenario: A Machine Learning Engineer on your team has completed an initial exploratory data analysis (EDA) on Google Cloud. You now need to create a shareable dashboard to present key findings—such as feature distributions, correlations, and data quality metrics—to stakeholders who are not data scientists. The dashboard must be easy to update as new data becomes available and allow stakeholders to apply basic filters interactively. Question: Which Google Cloud tool is most appropriate for building, sharing, and maintaining this type of interactive stakeholder dashboard after the EDA phase?"
2026-10-04,1,"Datos, diseño y fundamentos de ML",39,533,single_choice,Data preprocessing | Data cleaning | Data loading | Data warehousing,Data preprocessing | Data cleaning,Cloud Dataprep | BigQuery,Which Google Cloud service can be used to preprocess and clean data before loading it into a data warehouse?
2026-10-04,1,"Datos, diseño y fundamentos de ML",40,647,single_choice,Data storage | Model development | Feature engineering,Regression | Linear regression | Feature engineering | One-hot encoding | Supervised learning,BigQuery | BigQuery ML,"You work at a retail company, and are tasked with developing an ML model to predict product sales. Your company’s historical sales data is stored in BigQuery and includes features such as date, store location, product category, and promotion details. You need to choose the most effective combination of a BigQuery ML model and feature engineering to maximize prediction accuracy. What should you do?"
2026-10-05,1,"Datos, diseño y fundamentos de ML",1,648,single_choice,Data exploration | Data preprocessing | De-identification | Security and privacy,Data exploration | Data preprocessing,Cloud Storage | Cloud Data Loss Prevention (DLP) API,You are analyzing customer data for a healthcare organization that is stored in Cloud Storage. The data contains personally identifiable information (PII). You need to perform data exploration and preprocessing while ensuring the security and privacy of sensitive fields. What should you do?
2026-10-05,1,"Datos, diseño y fundamentos de ML",2,747,single_choice,Data preprocessing | Data pipeline | Automation | SQL,Demand forecasting | Z-score normalization | Preprocessing | Training data,BigQuery,"To optimize the efficiency of the production demand forecasting pipeline, Z-score normalization is used on data stored in BigQuery during preprocessing. Every week, new training data is added. To minimize computation time and manual intervention, what steps should be taken?"
2026-10-05,1,"Datos, diseño y fundamentos de ML",3,759,single_choice,Classification workflows | Model training | Model serving | No-code ML,Classification | Exploratory data analysis | Feature selection | Model building | Training | Hyperparameter tuning | Serving | AutoML,BigQuery | AutoML Tables,"To build classification workflows over numerous datasets stored in BigQuery, without writing code, it is necessary to complete steps such as exploratory data analysis, feature selection, model building, training, and hyperparameter tuning and serving. In order to repeat the classification multiple times, what should be done?"
2026-10-05,1,"Datos, diseño y fundamentos de ML",4,817,single_choice,Data ingestion | Scalability,Model building | Model evaluation | Data ingestion,BigQuery | Vertex AI,"You are a member of a data science team at a bank, tasked with building an ML model for predicting loan default risk. Your dataset, consisting of hundreds of millions of cleaned records, is stored in a BigQuery table. Your objective is to create and evaluate multiple models using TensorFlow and Vertex AI while ensuring that the data ingestion process is efficient and scalable. To achieve this, what steps should you take to minimize bottlenecks during data ingestion?"
2026-10-05,1,"Datos, diseño y fundamentos de ML",5,880,single_choice,Vertex AI Pipelines | Data export | Data preprocessing | Cost reduction,Classification | Model training | Data preprocessing | Model development,Vertex AI | BigQuery | Kubeflow,"You developed a Vertex AI pipeline that trains a classification model on data stored in a large BigQuery table. The pipeline has four steps, where each step is created by a Python function that uses the KubeFlow v2 API. The components have the following names: ``` dt = datetime.now().strftime(""%Y%m%d%H%M%S"") f""export-{dt}.yaml"", f""preprocess-{dt}.yaml"", f""train-{dt}.yaml"", f""calibrate-{dt}.yaml"" ``` You launch your Vertex AI pipeline as the following: ``` job = aip.PipelineJob( display_name=""my-awesome-pipeline"", template_path=""pipeline.json"", job_id=""my-awesome-pipeline-{dt}"", parameter_values=params, enable_caching=True, location=""europe-west1"" ) ``` You perform many model iterations by adjusting the code and parameters of the training step. You observe high costs associated with the development, particularly the data export and preprocessing steps. You need to reduce model development costs. What should you do?"
2026-10-05,1,"Datos, diseño y fundamentos de ML",6,885,single_choice,Data preparation | Model training | Manual data splitting,Lifetime Value (LTV) prediction | Tabular data | Model training | Data splitting | Training set | Validation set | Testing set | Time series,BigQuery | AutoML Tables,"As a Professional Machine Learning Engineer for a large hotel chain, you have been tasked to support the marketing team in predicting user lifetime value (LTV) for their targeted marketing strategy for the next 20 days. The customer dataset is stored in BigQuery, and you are prepping the tabular data for training with AutoML Tables. This data contains a time signal that is spread across different columns. How can you guarantee that AutoML is able to fit the optimal model to your data?"
2026-10-05,1,"Datos, diseño y fundamentos de ML",7,939,single_choice,Model training | Data storage,Regression | XGBoost | Model training | Categorical features | Numerical features,BigQuery | BigQuery ML,"You need to train a regression model based on a dataset containing 50,000 records that is stored in BigQuery. The data includes a total of 20 categorical and numerical features with a target variable that can include negative values. You need to minimize effort and training time while maximizing model performance. What approach should you take to train this regression model?"
2026-10-05,1,"Datos, diseño y fundamentos de ML",8,281,single_choice,ML pipeline | Data transformation | Data ingestion | Serverless,ML pipeline | Data transformation | Structured data,Cloud Storage | BigQuery,"You want to rebuild your ML pipeline for structured data on Google Cloud. You are using PySpark to conduct data transformations at scale, but your pipelines are taking over 12 hours to run. To speed up development and pipeline run time, you want to use a serverless tool and SQL syntax. You have already moved your raw data into Cloud Storage. How should you build the pipeline on Google Cloud while meeting the speed and processing requirements?"
2026-10-05,1,"Datos, diseño y fundamentos de ML",9,325,single_choice,Online prediction | Feature serving | Model deployment | Auto-scaling | Data ingestion | Data storage,Online prediction | Feature management | Classification | Model serving | Scalability | Low latency,BigQuery | Cloud Function | Vertex AI Feature Store | Vertex AI,You need to develop an online model prediction service that accesses pre-computed near-real-time features and returns a customer churn probability value. The features are saved in BigQuery and updated hourly using a scheduled query. You want this service to be low latency and scalable and require minimal maintenance. What should you do?
2026-10-05,1,"Datos, diseño y fundamentos de ML",10,395,single_choice,Model training | Model evaluation | Data storage,Regression | Neural Networks | Model Evaluation | Predictive Modeling,BigQuery | BigQuery ML,"You have been given a dataset with sales predictions based on your company's marketing activities. The data is structured and stored in BigQuery, and has been carefully managed by a team of data analysts. You need to prepare a report providing insights into the predictive capabilities of the data. You were asked to run several ML models with different levels of sophistication, including simple models and multilayered neural networks. You only have a few hours to gather the results of your experiments. Which Google Cloud tools should you use to complete this task in the most efficient and self-serviced way?"
2026-10-05,1,"Datos, diseño y fundamentos de ML",11,502,single_choice,Data storage | Model training | Model evaluation,Regression | Neural networks | Predictive modeling | Model evaluation | Experimentation,BigQuery | BigQuery ML,"You've received a dataset containing sales predictions derived from your company's marketing efforts. This well-structured data is stored in BigQuery and has been meticulously maintained by a team of data analysts. Your task is to create a report that offers insights into the predictive potential of the data. You've been instructed to run various ML models, ranging from basic models to complex multilayered neural networks. You have only a limited amount of time to collect the results of your experiments. Which Google Cloud tools should you employ to efficiently and independently accomplish this task?"
2026-10-05,1,"Datos, diseño y fundamentos de ML",12,555,multiple_choice,Cloud Migration | Data Ingestion | Model Management | Data Management,Machine Learning Models | ML Frameworks | Tabular Data | Data Formatting,BigQuery ML | Cloud Bigtable | Cloud SQL | Cloud Storage | Vertex AI,"Your company runs a big retail website. You develop many ML models for all the business activities. You migrated to Google Cloud. Your models are developed with PyTorch, TensorFlow, and BigQueryML. You also use BigTable and CloudSQL, and Cloud Storage, of course. You need to use input tabular data in CSV format. You are working with Vertex AI. How do you manage them in the best way (pick 2)?"
2026-10-05,1,"Datos, diseño y fundamentos de ML",13,608,single_choice,Data preparation | Data processing | Data ingestion,Data preparation | Data processing | Data collection | Data acquisition | Data ingestion,General,Which phase of data preparation and processing in ML involves data collection and acquisition?
2026-10-05,1,"Datos, diseño y fundamentos de ML",14,632,single_choice,Data security | Data privacy | Data preparation,Data Privacy | Data Security | Data Preprocessing | Model Training,General,"You work for a retailer that sells clothes to customers around the world. You have been tasked with ensuring that ML models are built in a secure manner. Specifically, you need to protect sensitive customer data that might be used in the models. You have identified four fields containing sensitive data that are being used by your data science team: AGE, IS_EXISTING_CUSTOMER, LATITUDE_LONGITUDE, and SHIRT_SIZE. What should you do with the data before it is made available to the data science team for training purposes?"
2026-10-05,1,"Datos, diseño y fundamentos de ML",15,783,single_choice,Model deployment | Online serving | Batch ingestion | Feature retrieval | Scaling nodes | CPU utilization,Model deployment | Online serving | Batch ingestion | Feature store | Latency | Performance,Vertex AI | Vertex AI Feature Store,"You've recently deployed a model to a Vertex AI endpoint and configured online serving in Vertex AI Feature Store. As part of your setup, you've scheduled a daily batch ingestion job to update your feature store. However, during these batch ingestion processes, you notice high CPU utilization in your feature store's online serving nodes, leading to increased feature retrieval latency. To enhance online serving performance during these daily batch ingestion tasks, what should you do?"
2026-10-05,1,"Datos, diseño y fundamentos de ML",16,876,single_choice,Data storage | Querying data | Notebook management | Environment configuration,Recommendation systems | Exploratory data analysis (EDA) | Preprocessing | Model training | Experimentation,BigQuery | Cloud Storage | Vertex AI Workbench,"You are building a recommendation engine for an online clothing store, with historical customer transaction data stored in BigQuery and Cloud Storage. To conduct exploratory data analysis (EDA), preprocessing, and model training iteratively while experimenting with different algorithms, you aim to minimize costs and development efforts. How should you configure the environment?"
2026-10-05,1,"Datos, diseño y fundamentos de ML",17,924,multiple_choice,AutoML,Multiclass classification | Logistic regression | Tabular data | Image data | Text data | Video data | Automated Machine Learning,Vertex AI | AutoML,Your team has prepared a Multiclass logistic regression model with tabular data in the Vertex AI with Auto ML environment. Everything went very well. You appreciated the convenience of the platform and AutoML. What other types of models can you implement with AutoML (Pick 3)?
2026-10-05,1,"Datos, diseño y fundamentos de ML",18,928,single_choice,Data preparation | Exploratory data analysis,Exploratory data analysis | Data preprocessing | Missing value imputation | Categorical features | Bias mitigation,General,"During the exploratory data analysis of a dataset, you've identified a crucial categorical feature with a 5% incidence of missing values. To mitigate potential bias stemming from these gaps in the data, what would be your recommended approach for handling these missing values?"
2026-10-05,1,"Datos, diseño y fundamentos de ML",19,936,single_choice,Feature storage | Feature management | Online prediction | Model training,Feature management | Online prediction | Model training | Feature store,Vertex AI Feature Store,You work for a delivery company. You need to design a system that stores and manages features such as parcels delivered and truck locations over time. The system must retrieve the features with low latency and feed those features into a model for online prediction. The data science team will retrieve historical data at a specific point in time for model training. You want to store the features with minimal effort. What should you do?
2026-10-05,1,"Datos, diseño y fundamentos de ML",20,165,single_choice,Data Preprocessing | Feature Engineering | Exploratory Data Analysis,Exploratory Data Analysis | Feature Engineering | Missing Data Handling | Categorical Features,General,"While performing an exploratory analysis of a dataset, you come across a categorical feature A that exhibits significant predictive power. However, you notice that this feature is sometimes missing values. What course of action should you take?"
2026-10-05,1,"Datos, diseño y fundamentos de ML",21,197,single_choice,Model evaluation,Binary classification | Imbalanced datasets | Evaluation metrics | F1 Measure | Computer Vision,General,"As a Professional Machine Learning Engineer, you are developing a binary classification ML algorithm to detect whether an image of a classified scanned document contains a company’s logo. The dataset is highly unbalanced, as 96% of the data examples lack the logo. In this scenario, which evaluation metric would you trust the most to ensure the model‘s accuracy?"
2026-10-05,1,"Datos, diseño y fundamentos de ML",22,217,single_choice,Data storage | Model training,Classification | Fairness | Bias | Accuracy | Model training | Model evaluation | Boosted trees,BigQuery | BigQuery ML,"You work for a telecommunications company. You’re building a model to predict which customers may fail to pay their next phone bill. The purpose of this model is to proactively offer at-risk customers assistance such as service discounts and bill deadline extensions. The data is stored in BigQuery and the predictive features that are available for model training include: - Customer_id - Age - Salary (measured in local currency) - Sex - Average bill value (measured in local currency) - Number of phone calls in the last month (integer) - Average duration of phone calls (measured in minutes) You need to investigate and mitigate potential bias against disadvantaged groups, while preserving model accuracy. What should you do?"
2026-10-05,1,"Datos, diseño y fundamentos de ML",23,257,single_choice,Data ingestion | Scalability | Model training,Model training | Model development | Model comparison | Data ingestion | Scalability,BigQuery | Vertex AI,"You work on a data science team at a bank and are creating an ML model to predict loan default risk. You have collected and cleaned hundreds of millions of records worth of training data in a BigQuery table, and you now want to develop and compare multiple models on this data using TensorFlow and Vertex AI. You want to minimize any bottlenecks during the data ingestion state while considering scalability. What should you do?"
2026-10-05,1,"Datos, diseño y fundamentos de ML",24,260,single_choice,Data preparation | Data processing | Data collection | Data cleaning | Data transformation,Data preparation | Data processing | Data collection | Data cleaning | Data transformation,General,What is the primary goal of designing data preparation and processing systems?
2026-10-05,1,"Datos, diseño y fundamentos de ML",25,262,single_choice,Data preprocessing | Batch inference | Data ingestion,Fraud detection | Preprocessing | Model training | Batch inference,BigQuery | TensorFlow | BigQueryClient,You are using Keras and TensorFlow to develop a fraud detection model. Records of customer transactions are stored in a large table in BigQuery. You need to preprocess these records in a cost-effective and efficient way before you use them to train the model. The trained model will be used to perform batch inference in BigQuery. How should you implement the preprocessing workflow?
2026-10-05,1,"Datos, diseño y fundamentos de ML",26,369,single_choice,Model deployment | Model training | Data ingestion,Data splitting | Data transformation | Evaluation | Metrics | Data leakage | Training-serving skew | Time series forecasting,General,"You are building a model to predict daily temperatures. You split the data randomly and then transformed the training and test datasets. Temperature data for model training is uploaded hourly. During testing, your model performed with 97% accuracy; however, after deploying to production, the model's accuracy dropped to 66%. How can you make your production model more accurate?"
2026-10-05,1,"Datos, diseño y fundamentos de ML",27,378,single_choice,Data storage | Notebooks | Data exploration,Model development | Exploratory Data Analysis | Data visualization | Statistical analysis | Data distribution,BigQuery | Vertex AI Workbench,You have been asked to build a model using a dataset that is stored in a medium-sized (~10 GB) BigQuery table. You need to quickly determine whether this data is suitable for model development. You want to create a one-time report that includes both informative visualizations of data distributions and more sophisticated statistical analyses to share with other ML engineers on your team. You require maximum flexibility to create your report. What should you do?
2026-10-05,1,"Datos, diseño y fundamentos de ML",28,413,single_choice,Model training,Regression | Categorical features | Numerical features | Model training | XGBoost,BigQuery | BigQuery ML,"You have a task to train a regression model using a dataset stored in BigQuery, consisting of 50,000 records. The dataset contains 20 features, a mix of categorical and numerical, and the target variable can have negative values. Your goal is to achieve high model performance while minimizing both effort and training time. What is the most suitable approach to train this regression model efficiently?"
2026-10-05,1,"Datos, diseño y fundamentos de ML",29,437,single_choice,Model deployment | Online prediction | Model serving | Feature management | Feature retrieval | Online serving,Online prediction | Real-time inference | Feature engineering | Low-latency serving | Feature consistency | Feature retrieval,Vertex AI | Vertex Feature Store,"An ML Engineering team is migrating an online credit scoring model to production on Vertex AI . This model requires a feature that is computed daily and must be retrieved with sub-10ms latency during the real-time API call. To ensure consistency and meet the strict low-latency requirement for this online prediction scenario, what is the best practice for retrieving the necessary feature data?"
2026-10-05,1,"Datos, diseño y fundamentos de ML",30,439,single_choice,Data storage | Data ingestion | Model training,Recommendation systems | Matrix factorization | Model training,Cloud Storage | BigQuery | BigQuery ML,"You work at a gaming startup and have several terabytes of structured data stored in Cloud Storage, including gameplay time, user metadata, and game metadata. You need to build a model to recommend new games to users with minimal coding. What should you do?"
2026-10-05,1,"Datos, diseño y fundamentos de ML",31,459,single_choice,Data storage | Model training | Model evaluation,Predictive modeling | Regression | Neural networks | Model evaluation,BigQuery | BigQuery ML,"In order to gain insights into the predictive capabilities of a dataset, with sales predictions based on a company‘s marketing activities, and to generate a report in a short time, a team of data analysts have organized the data and stored it in BigQuery. To accomplish the task, several Machine Learning models should be run at varying levels of complexity, from basic to multilayered neural networks. In order to complete the task in a self-serviced and efficient manner, what Google Cloud tools should be utilized?"
2026-10-05,1,"Datos, diseño y fundamentos de ML",32,468,single_choice,Custom model development | Explainable AI | Model evaluation,Image classification | Explainability | Interpretability | Bias detection | Feature attribution | Model evaluation | Metrics,Vertex AI | TensorFlow | Vertex Explainable AI,You are using Vertex AI and TensorFlow to develop a custom image classification model. You need the model’s decisions and the rationale to be understandable to your company’s stakeholders. You also want to explore the results to identify any issues or potential biases. What should you do?
2026-10-05,1,"Datos, diseño y fundamentos de ML",33,573,single_choice,Data storage | Exploratory data analysis | Model training | Model evaluation | Model prediction | Notebooks | Visualization,Customer lifetime value | Exploratory data analysis | Feature engineering | Model training | Model evaluation | Model prediction,BigQuery | Vertex AI Workbench | BigQuery ML,You work for a company that sells corporate electronic products to thousands of businesses worldwide. Your company stores historical customer data in BigQuery. You need to build a model that predicts customer lifetime value over the next three years. You want to use the simplest approach to build the model and you want to have access to visualization tools. What should you do?
2026-10-05,1,"Datos, diseño y fundamentos de ML",34,579,single_choice,Model development | Data preprocessing,Missing data | Data imputation | Linear regression | Regression | Feature analysis | Data preprocessing,General,"While developing an ML model to predict house prices, it was discovered that a crucial predictor variable, distance from the nearest school, was frequently missing and did not possess a high level of variance. As each row in the data is vital, what is the best way to approach the missing data?"
2026-10-05,1,"Datos, diseño y fundamentos de ML",35,742,single_choice,Exploratory Data Analysis | Data visualization | Interactive development,Exploratory Data Analysis | Regression | Correlation analysis | Anomaly detection | Data visualization,Vertex AI | Vertex AI Workbench,"Scenario: You are a Machine Learning Engineer tasked with analyzing a large dataset on Vertex AI. The dataset contains multiple continuous features (e.g., customer_age , annual_spend , session_duration ) to predict a continuous target variable ( customer_lifetime_value ). Before building a complex model, you want to quickly and visually assess which features have the strongest linear relationship with the target and identify any potential anomalies in the data. Question: Which Vertex AI tool is most appropriate for this initial exploratory analysis, given its ability to efficiently generate scatter plots and compute correlation statistics for large datasets?"
2026-10-05,1,"Datos, diseño y fundamentos de ML",36,846,single_choice,Data preparation | Data transformation | Model training | Model serving,Linear regression | One-hot encoding | Data preparation | Model training | Model serving | Feature engineering,BigQuery ML | Dataprep,"You are building a linear regression model on BigQuery ML to predict a customer's likelihood of purchasing your company's products. Your model uses a city name variable as a key predictive component. In order to train and serve the model, your data must be organized in columns. You want to prepare your data using the least amount of coding while maintaining the predictable variables. What should you do?"
2026-10-05,1,"Datos, diseño y fundamentos de ML",37,858,single_choice,Data preparation,Exploratory Data Analysis | Bias | Missing Data Handling | Categorical Features | Data Preprocessing,General,"Uncovering null values in an important categorical feature of a dataset during exploratory data analysis can lead to bias. To minimize this, what is the best way to address the missing values?"
2026-10-05,1,"Datos, diseño y fundamentos de ML",38,861,single_choice,Model training | Model inference | Data analysis,Classification | Fairness | Bias | Metrics | Evaluation | Gradient Boosted Trees,BigQuery | BigQuery ML,"You work for a telecommunications company, and your task is to build a model for predicting which customers may fail to pay their next phone bill. The goal is to offer assistance to at-risk customers, such as service discounts and bill deadline extensions. Your dataset in BigQuery includes various features like Customer_id, Age, Salary, Sex, Average bill value, Number of phone calls in the last month, and Average duration of phone calls. Your objective is to address potential bias issues while maintaining model accuracy. What should you do?"
2026-10-05,1,"Datos, diseño y fundamentos de ML",39,159,multiple_choice,Migration | Data access | Service account | Signed URL | Data export,Model development | PyTorch | TensorFlow | BigQueryML | Datasets | Metadata | Annotations,BigQueryML | Vertex AI | Cloud Storage,"Your company runs a big retail website. You develop many ML models for all the business activities. You migrated to Google Cloud. Your models are developed with PyTorch, TensorFlow and BigQueryML. You are now working on an international project with other partners. You need to let them use your Vertex AI dataset in Cloud Storage for a different organization. What can you do?"
2026-10-05,1,"Datos, diseño y fundamentos de ML",40,187,single_choice,Responsible AI | Data preparation | Model training,Natural Language Processing | Sentiment Analysis | Model Bias | Responsible AI | Data Augmentation | Model Training | Dataset Auditing,General,"You are developing a natural language processing model that analyzes customer feedback to identify positive, negative, and neutral experiences. During the testing phase, you notice that the model demonstrates a significant bias against certain demographic groups, leading to skewed analysis results. You want to address this issue following Google's responsible AI practices. What should you do?"
2026-10-06,1,"Datos, diseño y fundamentos de ML",1,234,single_choice,Model evaluation,Logistic regression | Binary classification | Model evaluation | Metrics | ROC-AUC | Text classification,General,You are a junior Data Scientist working on a logistic regression model to break down customer text messages into two categories: important / urgent and unimportant / non-urgent. You want to find a metric that allows you to evaluate your model for how well it separates the two classes. You are interested in finding a method that is scale invariant and classification threshold invariant. Which of the following is the optimal methodology?
2026-10-06,1,"Datos, diseño y fundamentos de ML",2,241,single_choice,Model evaluation | Responsible AI | Model deployment,Model deployment | Fairness | Bias detection | Model evaluation | Metrics | Subgroup analysis | Disparate impact,TensorFlow Model Analysis (TFMA) | Fairness Indicators,"An ML Engineer is responsible for deploying a loan application model that uses sensitive attributes (e.g., age, location) and must comply with fairness regulations. Before deployment, the engineer needs to measure and mitigate disparate impact across different demographic groups. Which specialized Google Cloud tool or library is the most effective for systematically analyzing and quantifying bias in the model’s performance metrics (e.g., false positive rate difference) across identified subgroups?"
2026-10-06,1,"Datos, diseño y fundamentos de ML",3,245,single_choice,Data transformation | Feature engineering,Linear regression | One-hot encoding | Feature engineering | Data preparation,BigQuery ML | Dataprep,"To predict a customer‘s likelihood of purchasing your company‘s products through a linear regression model on BigQuery ML, the data needs to be structured in columns. To achieve this with minimal coding while preserving the relevant variables, what is the best approach?"
2026-10-06,1,"Datos, diseño y fundamentos de ML",4,316,single_choice,Data Privacy | Data Masking | Data Security,Data Privacy | Data Anonymization | Data Preprocessing,General,You work for an important Banking group. The purpose of your current project is the automatic and smart acquisition of data from documents and modules of different types. You work on big datasets with a lot of private information that cannot be distributed and disclosed. You are asked to replace sensitive data with specific surrogate characters. Which of the following techniques do you think is best to use?
2026-10-06,1,"Datos, diseño y fundamentos de ML",5,345,single_choice,Model training | Data preprocessing,Natural Language Processing | Text classification | Recurrent Neural Networks | Data preprocessing | Word embeddings | Transfer learning | Model training,General,"To train a natural language model for text classification on product descriptions with millions of examples and 100,000 unique words, preprocessing of the individual words is necessary. This preprocessing should be done in order to input them into a recurrent neural network. What is the most suitable method for this task?"
2026-10-06,1,"Datos, diseño y fundamentos de ML",6,347,single_choice,Data preprocessing,Normalization | Feature scaling | Overfitting | Data analysis | Data preprocessing,General,"You are in the process of constructing an ML model to forecast stock market trends, considering a broad spectrum of factors. During your data analysis, you observe that certain features exhibit a substantial range. To prevent these high-magnitude features from causing overfitting in the model, what action should you take?"
2026-10-06,1,"Datos, diseño y fundamentos de ML",7,388,single_choice,Data governance | Data preparation | Data processing | Data management,Data governance | Data preparation | Data processing | Data management,General,What is the significance of data governance in the context of ML data preparation and processing?
2026-10-06,1,"Datos, diseño y fundamentos de ML",8,398,single_choice,Data Security | Data Privacy,Data Privacy | Data Security | Model Training | Data Preprocessing | Tokenization | Hashing,General,"As a retailer offering clothes to customers globally, you have been assigned to ensure that ML models are constructed securely. This includes protecting customer data that might be used in the model, of which you have identified four fields containing sensitive data: AGE, IS_EXISTING_CUSTOMER, LATITUDE_LONGITUDE, and SHIRT_SIZE. What measures must you take with this data prior to making it available to the data science team for training?"
2026-10-06,1,"Datos, diseño y fundamentos de ML",9,429,single_choice,Model training | Model export | Online prediction | Model deployment,Model training | Forecasting | Categorical features | Online prediction,BigQuery ML | Cloud Storage,"You are tasked with a dataset that encompasses customer transactions, and your objective is to construct an ML model for forecasting customer purchase patterns. Your plan involves creating the model within BigQuery ML and subsequently exporting it to Cloud Storage for online prediction. Upon reviewing the data, you observe the presence of categorical features such as product category and payment method. Your priority is to deploy the model swiftly. What steps should you take to achieve this goal?"
2026-10-06,1,"Datos, diseño y fundamentos de ML",10,450,single_choice,Batch processing | Data pipeline | Model serving | Model deployment,Model training | Data preprocessing | Real-time inference | Training-serving skew | Data transformation,Dataflow,You have trained a model by using data that was preprocessed in a batch Dataflow pipeline. Your use case requires real-time inference. You want to ensure that the data preprocessing logic is applied consistently between training and serving. What should you do?
2026-10-06,1,"Datos, diseño y fundamentos de ML",11,471,single_choice,Feature engineering | Data preprocessing,Deep Learning | Classification | Feature Engineering | Categorical Data | High Cardinality | Feature Encoding | Hashing | One-hot encoding,General,"You are in the process of building a deep neural network classification model, and your dataset includes categorical input features. Some of these categorical columns have a high cardinality, with over 10,000 unique values. How should you handle the encoding of these categorical values for input into the model?"
2026-10-06,1,"Datos, diseño y fundamentos de ML",12,492,single_choice,Data storage | Managed datasets | Model training,Image classification | Model training | AutoML,Cloud Storage | Vertex AI | AutoML,You are required to construct an image classification model utilizing an extensive dataset that is stored within a Cloud Storage bucket. How should you proceed with this task?
2026-10-06,1,"Datos, diseño y fundamentos de ML",13,497,multiple_choice,Model explanation | Feature attribution,Explainable AI | Feature importance | AutoML | Image Classification | Deep Neural Networks,Vertex AI | Vertex Explainable AI | AutoML,"You are working with Vertex AI, the managed ML Platform in GCP. You want to leverage Explainable AI to understand which are the most essential features and how they influence the model. For what kind of model may you use Vertex Explainable AI (pick 3)?"
2026-10-06,1,"Datos, diseño y fundamentos de ML",14,514,single_choice,Data ingestion | Data collection | Data acquisition,Data collection | Data acquisition | Data ingestion,General,Which phase of designing data systems typically involves data collection and acquisition?
2026-10-06,1,"Datos, diseño y fundamentos de ML",15,518,single_choice,Data ingestion | Data querying | Notebooks | BigQuery integration,Data manipulation | Data analysis,BigQuery | Vertex AI Notebooks,"You work for an advertising company and want to understand the effectiveness of your company's latest advertising campaign. You have streamed 500 MB of campaign data into BigQuery. You want to query the table, and then manipulate the results of that query with a pandas dataframe in an Al Platform notebook. What should you do?"
2026-10-06,1,"Datos, diseño y fundamentos de ML",16,554,multiple_choice,Feature management | Feature store | Model monitoring,Deep learning | Classification | Model drift | Feature engineering | Feature management,Vertex Feature Store | Vertex AI | Google Analytics 360,"Your company runs an e-commerce site. You manage several deep learning models with Tensorflow that process Analytics-360 data, and they have been in production for some time. The modeling is made essentially with customers and orders data. You need to classify many business outcomes. Your Manager realized that different teams in different projects used to deal with the same features based on the same data differently. The problem arose when models drifted unexpectedly over time. You have to advise your Manager on the best strategy. Which of the following do you choose (pick 2)?"
2026-10-06,1,"Datos, diseño y fundamentos de ML",17,606,single_choice,Managed datasets | Manual split | Model training,Data splitting | Training set | Validation set | Test set | Tabular data | Sales prediction,Vertex AI,"You are employed at a retail company and have access to a managed tabular dataset within Vertex AI, which encompasses sales data from three distinct stores. This dataset incorporates various features, including store names and sale timestamps. Your objective is to leverage this data to train a model capable of making sales predictions for an upcoming new store. To accomplish this, you must divide the data into training, validation, and test sets. What approach should you employ for this data split?"
2026-10-06,1,"Datos, diseño y fundamentos de ML",18,694,single_choice,Data discovery | Metadata management | Data search,Model development | Data discovery,BigQuery | Vertex AI | Data Catalog,"Joining an enterprise-scale company with thousands of datasets, one is confronted with the task of finding the correct BigQuery table to use for a model they are constructing on Vertex AI. To do so, one must first locate accurate descriptions of the tables in BigQuery. So, what is the best way to find the desired data?"
2026-10-06,1,"Datos, diseño y fundamentos de ML",19,737,single_choice,Model training | Model deployment | Explainable AI | Data storage,Classification | Explainable AI | Feature attribution | Model training | Model deployment,BigQuery | BigQuery ML,"You are an ML engineer at a bank. The bank's leadership team wants to reduce the number of loan defaults. The bank has labeled historic data about loan defaults stored in BigQuery. You have been asked to use AI to support the loan application process. For compliance reasons, you need to provide explanations for loan rejections. What should you do?"
2026-10-06,1,"Datos, diseño y fundamentos de ML",20,784,single_choice,Data ingestion | Data storage | Data processing | Data security,Real-time prediction | Data privacy,Cloud Data Loss Prevention (DLP) API | Cloud Storage,"Constructing a real-time prediction engine which streams files potentially containing Personally Identifiable Information (PII) to Google Cloud requires the use of the Cloud Data Loss Prevention (DLP) API for scanning said files. To guarantee the PII remains inaccessible to unapproved persons, what steps should be taken?"
2026-10-06,1,"Datos, diseño y fundamentos de ML",21,788,single_choice,Model training | Data preprocessing | Text classification,Natural Language Processing | Text Classification | Recurrent Neural Networks | Word Embeddings | Transfer Learning | Model Training | Data Preprocessing,General,"You need to train a natural language model to perform text classification on product descriptions that contain millions of examples and 100,000 unique words. You want to preprocess the words individually so that they can be fed into a recurrent neural network. What should you do?"
2026-10-06,1,"Datos, diseño y fundamentos de ML",22,810,single_choice,Data preparation | Data preprocessing | Data cleaning,Data preprocessing | Data cleaning,Cloud Dataprep,Which Google Cloud service can be used to clean and preprocess large datasets?
2026-10-06,1,"Datos, diseño y fundamentos de ML",23,844,single_choice,Data Preprocessing | Exploratory Data Analysis | Feature Engineering,Exploratory Data Analysis | Feature Engineering | Missing Data Handling | Categorical Features,General,"While conducting an exploratory analysis of a dataset, you discover that categorical feature A has substantial predictive power, but it is sometimes missing. What should you do?"
2026-10-06,1,"Datos, diseño y fundamentos de ML",24,893,single_choice,Data analysis | Data visualization | Statistical analysis,Exploratory data analysis | Descriptive statistics | Statistical hypothesis testing | Data visualization,BigQuery | Looker Studio | Vertex AI Workbench,"You are a member of the data science team at a manufacturing firm, and you are currently examining the company's extensive historical sales dataset, which consists of hundreds of millions of records. During your exploratory data analysis, you have several tasks to perform, including the calculation of descriptive statistics like mean, median, and mode, conducting intricate statistical hypothesis tests, and generating various feature-related plots over time. Your goal is to leverage as much of the sales data as feasible for your analyses while keeping computational resource usage to a minimum. How should you approach this situation?"
2026-10-06,1,"Datos, diseño y fundamentos de ML",25,110,single_choice,Data scanning | Data classification | PII protection | Data storage | Access control | Data streaming,Real-time prediction,Cloud Data Loss Prevention (DLP) API | Cloud Storage,You are building a real-time prediction engine that streams files which may contain Personally Identifiable Information (PII) to Google Cloud. You want to use theCloud Data Loss Prevention (DLP) API to scan the files. How should you ensure that the PII is not accessible by unauthorized individuals?
2026-10-06,1,"Datos, diseño y fundamentos de ML",26,119,single_choice,Batch inference | Model evaluation | ML pipelines | Artifact tracking | Custom components,LLM distillation | Large Language Models | Batch inference | Model evaluation | Evaluation metrics | Artifact tracking,Cloud Storage | Vertex AI | Vertex AI Pipelines | BigQuery,"Your team is experimenting with developing smaller, distilled LLMs for a specific domain. You have performed batch inference on a dataset by using several variations of your distilled LLMs and stored the batch inference outputs in Cloud Storage. You need to create an evaluation workflow that integrates with your existing Vertex AI pipeline to assess the performance of the LLM versions while also tracking artifacts. What should you do?"
2026-10-06,1,"Datos, diseño y fundamentos de ML",27,124,single_choice,Batch prediction | Model explanation | Forecasting,Forecasting | Explainable AI | Feature attribution | Model training,Vertex AI,"You are employed at a retail company and have developed a Vertex AI forecast model that produces monthly item sales predictions. Now, you aim to swiftly generate a report that explains how the model calculates these predictions. You possess one month of recent actual sales data that was not part of the training dataset. What steps should you take to generate data for your report?"
2026-10-06,1,"Datos, diseño y fundamentos de ML",28,172,single_choice,Data preparation | Data processing,Data cleaning | Data preparation | Data processing | Data quality | Data accuracy,General,Why is data cleaning an essential step in data preparation and processing systems?
2026-10-06,1,"Datos, diseño y fundamentos de ML",29,224,single_choice,Vertex AI Pipelines | Pipeline caching | Cost optimization | Performance optimization,Data preprocessing | Model training | Algorithms,Vertex AI | Cloud Storage,"You have constructed a Vertex AI pipeline consisting of two key stages. The initial step involves the preprocessing of a substantial 10 TB dataset, completing this task within approximately 1 hour, and then saving the resulting data in a Cloud Storage bucket. The subsequent step utilizes this preprocessed data to train a model. Your current objective is to make adjustments to the model's code, facilitating the testing of different algorithms. Throughout this process, you aim to reduce both the pipeline's execution time and cost while keeping any alterations to the pipeline itself to a minimum. What actions should you take to meet these goals?"
2026-10-06,1,"Datos, diseño y fundamentos de ML",30,242,single_choice,Model training | Model export | Edge deployment | Image classification | No-code ML,Image classification | No-code ML | Labeled dataset | Training workflow | Latency | AutoML | Edge ML | Model export,Cloud Storage | Vertex AI | Vertex AI AutoML Edge,"You are employed at a social media company and have a requirement to create a no-code image classification model for an iOS mobile application, specifically designed for identifying fashion accessories. Your labeled dataset is stored in Cloud Storage. In this context, you aim to configure a training workflow that not only minimizes cost but also provides predictions with the lowest possible latency. How should you proceed?"
2026-10-06,1,"Datos, diseño y fundamentos de ML",31,356,single_choice,Feature engineering | Data preprocessing | Model training,Deep Learning | Classification | Feature Engineering | Categorical Data | High Cardinality | Feature Hashing | One-hot encoding,General,"You are creating a deep neural network classification model using a dataset with categorical input values. Certain columns have a cardinality greater than 10,000 unique values. How should you encode these categorical values as input into the model?"
2026-10-06,1,"Datos, diseño y fundamentos de ML",32,382,single_choice,Data scanning | Data classification | Data storage | Security | Streaming,Real-time prediction | Data privacy,Cloud Data Loss Prevention (DLP) API | Cloud Storage,You are building a real-time prediction engine that streams files which may contain Personally Identifiable Information (Pll) to Google Cloud. You want to use the Cloud Data Loss Prevention (DLP) API to scan the files. How should you ensure that the Pll is not accessible by unauthorized individuals?
2026-10-06,1,"Datos, diseño y fundamentos de ML",33,386,single_choice,Data ingestion | Data management,Deep learning | Computer Vision | Data ingestion | Data formats | TensorFlow,General,You work for an industrial company that wants to improve its quality system. It has developed its own deep neural network model with Tensorflow to identify the semi-finished products to be discarded with images taken from the production lines in the various production phases. You work on this project. You need to deal with input data that is binary (images) and made by CSV files. You are looking for the most convenient way to import and manage this type of data. Which is the best solution that you can adopt?
2026-10-06,1,"Datos, diseño y fundamentos de ML",34,524,single_choice,Encryption at rest | Customer-Managed Encryption Keys (CMEK) | Key rotation | Audit trail | Data protection,Data security | Training data,Cloud Storage | Cloud KMS,"An ML Engineer needs to ensure that the sensitive training data stored in Cloud Storage is protected by encryption. The company requires full control over the key rotation schedule and needs to maintain an audit trail for key usage outside of Google Cloud’s automatic management. What is the most secure and appropriate encryption solution for this data at rest, meeting the requirements for external control and auditability?"
2026-10-06,1,"Datos, diseño y fundamentos de ML",35,527,single_choice,Data pipeline | Data ingestion | Data transformation,Machine learning workflow | Data pipeline | Data ingestion | Data transformation,General,What is the primary purpose of designing a data pipeline in a machine learning workflow?
2026-10-06,1,"Datos, diseño y fundamentos de ML",36,535,single_choice,Data discovery | Metadata management,Model building | Data discovery,BigQuery | Vertex AI | Data Catalog,"You recently joined an enterprise-scale company that has thousands of datasets. You know that there are accurate descriptions for each table in BigQuery, and you are searching for the proper BigQuery table to use for a model you are building on Vertex AI. How should you find the data that you need?"
2026-10-06,1,"Datos, diseño y fundamentos de ML",37,552,single_choice,Text classification | Entity extraction,Classification | Natural Language Processing | Entity Extraction | Data preprocessing,Speech-to-Text API | AutoML Natural Language,You work for a large technology company that wants to modernize their contact center. You have been asked to develop a solution to classify incoming calls by product so that requests can be more quickly routed to the correct support team. You have already transcribed the calls using the Speech- to-Text API. You want to minimize data preprocessing and development time. How should you build the model?
2026-10-06,1,"Datos, diseño y fundamentos de ML",38,583,single_choice,Data ingestion | Data querying | Notebooks,Data analysis | Data manipulation,BigQuery | Vertex AI Notebooks,"You work for an advertising company and want to understand the effectiveness of your company‘s latest advertising campaign. You have streamed 500 MB of campaign data into BigQuery. You want to query the table, and then manipulate the results of that query with a pandas dataframe in an Vertex AI notebook.What should you do?"
2026-10-06,1,"Datos, diseño y fundamentos de ML",39,620,single_choice,Feature engineering,Deep neural networks | TensorFlow | Feature engineering | Bias | Accuracy | Variance | Bias-variance tradeoff,General,"You are starting to operate as a Data Scientist and are working on a deep neural network model with Tensorflow to optimize customer satisfaction for after-sales services to create greater client loyalty. You are doing Feature Engineering, and your focus is to minimize bias and increase accuracy. Your coordinator has told you that by doing so you risk having problems. He explained to you that, in addition to the bias, you must consider another factor to be optimized. Which one?"
2026-10-06,1,"Datos, diseño y fundamentos de ML",40,645,single_choice,Batch prediction | Model storage | Data storage,Batch inference | ML pipeline | TensorFlow | SavedModel | Inference,Cloud Storage | BigQuery | Vertex AI,"You are in the process of implementing a batch inference ML pipeline within Google Cloud. The model, developed using TensorFlow, is stored in SavedModel format within Cloud Storage. Your task involves applying this model to a historical dataset, which comprises a substantial 10 TB of data stored within a BigQuery table. How should you proceed to perform the inference effectively?"
2026-10-07,1,"Datos, diseño y fundamentos de ML",1,660,single_choice,Model evaluation,Binary classification | Imbalanced datasets | Evaluation metrics | F1 score,General,"You are working on a binary classification ML algorithm that detects whether an image of a classified scanned document contains a company’s logo. In the dataset, 96% of examples don’t have the logo, so the dataset is very skewed. Which metric would give you the most confidence in your model?"
2026-10-07,1,"Datos, diseño y fundamentos de ML",2,665,multiple_choice,Data Preprocessing | Data Ingestion,Data Cleaning | Imputation | Missing Value Handling | Data Preprocessing,General,"You just started working as a junior Data Scientist in a consulting Company. You are in a project team that is building a new model and you are experimenting. But the results are absolutely unsatisfactory because your data is dirty and needs to be modified. In particular, you have various fields that have no value or report NaN. Your expert colleague told you that you need to carry out a procedure that modifies them at the time of acquisition. What kind of functionalities do you need to provide (pick 3)?"
2026-10-07,1,"Datos, diseño y fundamentos de ML",3,669,single_choice,Model training | Model serving | Model deployment | Data labeling | Image classification,Model training | Model serving | Model accuracy | Data labeling | Image classification,Cloud Storage | Vertex AI | Vertex AI Data Labeling Service | AutoML | Pub/Sub,"You work for a semiconductor manufacturing company. You need to create a real-time application that automates the quality control process. High-definition images of each semiconductor are taken at the end of the assembly line in real time. The photos are uploaded to a Cloud Storage bucket along with tabular data that includes each semiconductor’s batch number, serial number, dimensions, and weight. You need to configure model training and serving while maximizing model accuracy. What should you do?"
2026-10-07,1,"Datos, diseño y fundamentos de ML",4,774,single_choice,Machine learning pipeline | Data validation | Continuous validation,Machine learning pipeline | Data validation | Data drift | Anomaly detection | Inference | Schema validation,TensorFlow Extended (TFX) | TensorFlow Data Validation (TFDV),"When designing a robust, production-ready machine learning pipeline using TensorFlow Extended (TFX) , which component is primarily responsible for performing continuous validation of the input data schema, detecting data drift between the training and serving datasets, and identifying anomalies in live inference data?"
2026-10-07,1,"Datos, diseño y fundamentos de ML",5,775,single_choice,Model deployment | Production environment,Forecasting | Data splitting | Data leakage | Model evaluation | Data transformation | Training-serving skew,General,"You have developed a model to forecast daily temperatures. Initially, you randomly divided the data, followed by transforming both the training and test datasets. While the model was trained with hourly-updated temperature data and achieved 97% accuracy in testing, its accuracy plummeted to 66% post-deployment in production. What steps can you take to enhance the accuracy of your model in the production environment?"
2026-10-07,1,"Datos, diseño y fundamentos de ML",6,801,single_choice,Data pipelines | Real-time data processing | Streaming data pipelines | Batch data pipelines,Data processing | Streaming data | Batch data,General,What is the main advantage of using streaming data pipelines over batch data pipelines?
2026-10-07,1,"Datos, diseño y fundamentos de ML",7,852,single_choice,Dataset creation | Entity extraction | Data labeling | Model training | Model evaluation,Entity extraction | Natural Language Processing | Data labeling | Model training | AutoML | Evaluation | Holdout dataset,Vertex AI | AutoML,"You work for a company that is developing an application to help users with meal planning. You want to use machine learning to scan a corpus of recipes and extract each ingredient (e.g., carrot, rice, pasta) and each kitchen cookware (e.g., bowl, pot, spoon) mentioned. Each recipe is saved in an unstructured text file. What should you do?"
2026-10-07,1,"Datos, diseño y fundamentos de ML",8,904,single_choice,Data preprocessing | Feature engineering,Categorical variables | Data splitting | One-hot encoding | Feature engineering | Data preprocessing | Training and test sets,General,"In developing an ML model using a dataset with categorical input variables, you have randomly split half of the data into training and test sets. Applying one-hot encoding on the categorical variables in the training set, you realize one categorical variable is absent in the test set. What is the best course of action?"
2026-10-07,1,"Datos, diseño y fundamentos de ML",9,937,single_choice,Model pipeline | Data privacy | Data governance,Tree models | Feature engineering | Model training | Model performance | Data anonymization,Cloud Data Loss Prevention API,"You developed a tree model based on an extensive feature set of user behavioral data. The model has been in production for 6 months. New regulations were just introduced that require anonymizing personally identifiable information (PII), which you have identified in your feature set using the Cloud Data Loss Prevention API. You want to update your model pipeline to adhere to the new regulations while minimizing a reduction in model performance. What should you do?"
2026-10-07,1,"Datos, diseño y fundamentos de ML",10,104,single_choice,Data preprocessing,Data preprocessing | Data cleaning | Data transformation | Data preparation | Modeling,General,"In ML solution architecture, what is the purpose of data pre processing?"
2026-10-07,1,"Datos, diseño y fundamentos de ML",11,133,single_choice,Data exploration | Notebooks,Exploratory Data Analysis | Data visualization | Statistical analysis | Model development,BigQuery | Vertex AI Workbench,"Given a medium-sized (~10 GB) BigQuery table containing the dataset for a model, maximum flexibility is required to quickly determine if the data is suitable for model development. To produce an informative one-time report for other ML engineers on the team, visualizations of data distributions and more sophisticated statistical analyses should be included. What would be the best approach for achieving this?"
2026-10-07,1,"Datos, diseño y fundamentos de ML",12,162,single_choice,Model training | Model deployment | Model serving | Feature attribution | Dataset creation,Binary classification | Model interpretability | AutoML | Tabular data | Feature attribution,Vertex AI | AutoML,"You work for a retail company, and your task is to develop a model for predicting whether a customer will make a purchase on a given day. Your team has processed the company's sales data and created a table with specific columns, including customer ID, product ID, date, days since the last purchase, average purchase frequency, and a binary class indicating whether the customer made a purchase on the date in question. Your objective is to interpret the results of your model for individual predictions. What is the recommended approach?"
2026-10-07,1,"Datos, diseño y fundamentos de ML",13,181,single_choice,Data storage | Model training,Object detection | Computer vision | Data labeling | AutoML,Cloud Storage | AutoML,"Your company specializes in building bridges for cities worldwide. To monitor the progress of construction projects, cameras are installed at each site. These cameras capture hourly images, which are then uploaded to a Cloud Storage bucket. A team of specialists reviews these images, selects the important ones, and annotates specific objects in them. To enhance scalability and reduce costs, you want to propose an ML solution with minimal upfront investment. What approach should you recommend?"
2026-10-07,1,"Datos, diseño y fundamentos de ML",14,228,single_choice,Data preparation,Data preparation | Missing data handling | Imputation | Linear regression | Regression,General,"You are in the process of creating an ML model to predict house prices. During the data preparation, you encounter a crucial predictor variable, which is the distance from the nearest school. However, you notice that this variable frequently has missing values and lacks significant variance. It's important to note that every instance (row) in your dataset holds significance. How should you address the issue of missing data in this context?"
2026-10-07,1,"Datos, diseño y fundamentos de ML",15,296,single_choice,Model training | Feature engineering | Data preprocessing,Deep Learning | Classification | Feature Engineering | Feature Encoding | Hashing | High Cardinality,General,"When building a deep neural network classification model with a dataset that contains categorical input values, some columns may have more than 10,000 unique values. To encode these categorical values as input for the model, what is the best approach?"
2026-10-07,1,"Datos, diseño y fundamentos de ML",16,337,multiple_choice,Data transformation | Data processing,Data transformation | Model training | Automation,Dataflow | BigQuery | TensorFlow,"You work as a junior Data Scientist in a consulting company, and you work with several ML projects. You need to properly collect and transform data and then work on your ML models. You want to identify the services for data transformation that are most suitable for your needs. You need automatic procedures triggered before training. What are the methodologies / services recommended by Google (pick 3)?"
2026-10-07,1,"Datos, diseño y fundamentos de ML",17,343,single_choice,Model evaluation | Model selection,Predictive maintenance | Classification | Binary classification | Model evaluation | Metrics | Recall | Precision,General,"As an ML engineer at a manufacturing company, you're currently working on a predictive maintenance project. The goal is to create a classification model that predicts whether a critical machine will experience a failure within the next three days. This predictive capability allows the repair team to address potential issues before they lead to a breakdown. While routine maintenance for the machine is cost-effective, a failure can result in significant expenses. You've trained multiple binary classifiers to make predictions about the machine's failure, where a prediction of 1 indicates the model foresees a failure. Now, during the evaluation phase on a separate dataset, you face the decision of selecting a model that emphasizes detection. However, you also need to ensure that over 50% of the maintenance tasks initiated by your model are genuinely related to impending machine failures. Which model should you opt for to achieve this balance?"
2026-10-07,1,"Datos, diseño y fundamentos de ML",18,355,single_choice,AutoML | Model prediction | Vertex Explainable AI,Binary classification | Model explainability | Feature importance | Local explanations,Vertex AI | AutoML Tables,"As an ML engineer at a bank, you've created a binary classification model using Vertex AI AutoML Tables to determine whether a customer will make timely loan payments, which is critical for loan approval decisions. Now, the bank's risk department has requested an explanation for why the model rejected a specific customer's loan application. What steps should you take in response to this request?"
2026-10-07,1,"Datos, diseño y fundamentos de ML",19,397,single_choice,Data storage | Model training | In-database machine learning,Customer segmentation | K-means clustering | Unsupervised learning | Clustering,BigQuery | BigQuery ML,"You work for a large retailer and have been asked to segment your customers by their purchasing habits. The purchase history of all customers has been uploaded to BigQuery. You suspect that there may be several distinct customer segments, however you are unsure of how many, and you don't yet understand the commonalities in their behavior. You want to find the most efficient solution. What should you do?"
2026-10-07,1,"Datos, diseño y fundamentos de ML",20,406,single_choice,ML pipeline automation | Data preprocessing | Feature engineering,ML pipeline automation | Data preprocessing | Feature engineering,General,Which phase of ML pipeline automation typically involves data pre processing and feature engineering?
2026-10-07,1,"Datos, diseño y fundamentos de ML",21,434,single_choice,Data lake | Data storage | Cost optimization,Data storage | Big data,General,What is the advantage of using a data lake for storing large datasets?
2026-10-07,1,"Datos, diseño y fundamentos de ML",22,472,single_choice,Batch prediction | Model export | Data storage,Text classification | Batch prediction | Model training,Vertex AI | BigQuery | BigQuery ML,You have trained a text classification model in TensorFlow using Vertex AI. You want to use the trained model for batch predictions on text data stored in BigQuery while minimizing computational overhead. What should you do?
2026-10-07,1,"Datos, diseño y fundamentos de ML",23,493,single_choice,Data preparation | Model training | Dataset management,Churn prediction | Classification | AutoML | Tabular data | Model explainability | Model iteration,BigQuery | Vertex AI,You work at an ecommerce startup. You need to create a customer churn prediction model. Your company’s recent sales records are stored in a BigQuery table. You want to understand how your initial model is making predictions. You also want to iterate on the model as quickly as possible while minimizing cost. How should you build your first model?
2026-10-07,1,"Datos, diseño y fundamentos de ML",24,496,multiple_choice,Model development | Data preparation | Responsible AI | Model evaluation,Bias | Fairness | Sampling | Data collection | Model evaluation,General,"You're developing a model to enhance your company's online advertising campaigns, aiming to create a dataset for model training while avoiding the creation or reinforcement of unfair bias. What steps should you take? (Choose two.)"
2026-10-07,1,"Datos, diseño y fundamentos de ML",25,536,single_choice,Data storage | Model training | Time series forecasting,Time series forecasting | Statistical modeling | ARIMA,BigQuery | BigQuery ML,You work for an online retailer. Your company has a few thousand short lifecycle products. Your company has five years of sales data stored in BigQuery. You have been asked to build a model that will make monthly sales predictions for each product. You want to use a solution that can be implemented quickly with minimal effort. What should you do?
2026-10-07,1,"Datos, diseño y fundamentos de ML",26,562,single_choice,Model evaluation,Classification | Class imbalance | Evaluation metrics | F1 score,General,You are developing a classification model to support predictions for your company’s various products. The dataset you were given for model development has class imbalance You need to minimize false positives and false negatives What evaluation metric should you use to properly train the model?
2026-10-07,1,"Datos, diseño y fundamentos de ML",27,569,single_choice,Data pipeline | Real-time processing | Data storage | Data analytics | Data visualization,Anomaly detection | Real-time processing | Analytics | Visualization,Pub/Sub | Dataflow | Vertex AI | BigQuery,"You are constructing a machine learning model for real-time anomaly detection in sensor data. To manage incoming requests, Pub/Sub will be utilized. The goal is to store the results for subsequent analytics and visualization. How should you configure the pipeline?"
2026-10-07,1,"Datos, diseño y fundamentos de ML",28,575,single_choice,Data preparation | Data modeling,Data preparation | Data modeling | Data schema | Data structures,General,"Which phase of ML data preparation involves defining data schema, structures, and relationships?"
2026-10-07,1,"Datos, diseño y fundamentos de ML",29,594,single_choice,Data storage | Data pipeline,Input pipeline | Model training | Data serialization | TFRecords | tf.data API,Cloud Storage,You have been asked to develop an input pipeline for an ML training model that processes images from disparate sources at a low latency. You discover that your input data does not fit in memory. How should you create a dataset following Google-recommended best practices?
2026-10-07,1,"Datos, diseño y fundamentos de ML",30,623,single_choice,Data preparation | Feature engineering,Categorical variables | One-hot encoding | Data splitting | Feature engineering | Data preprocessing,General,"You are developing an ML model using a dataset with categorical input variables. You have randomly split half of the data into training and test sets. After applying one-hot encoding on the categorical variables in the training set, you discover that one categorical variable is missing from the test set. What should you do?"
2026-10-07,1,"Datos, diseño y fundamentos de ML",31,698,single_choice,Experiment tracking | Artifact tracking | Metrics logging,Time series analysis | Data preprocessing | Experiment tracking | Artifact tracking | Metrics,Vertex AI Workbench | Vertex AI SDK | Vertex ML Metadata,You are developing a model to predict whether a failure will occur in a critical machine part. You have a dataset consisting of a multivariate time series and labels indicating whether the machine part failed. You recently started experimenting with a few different preprocessing and modeling approaches in a Vertex AI Workbench notebook. You want to log data and track artifacts from each run. How should you set up your experiments?
2026-10-07,1,"Datos, diseño y fundamentos de ML",32,701,single_choice,Model evaluation,Logistic regression | Natural Language Processing | Binary classification | Loss functions | Metrics | Evaluation | Log Loss,General,You are a junior data scientist working on a logistic regression model to break down customer text messages into important/urgent and important / not urgent. You want to use the best loss function that you can use to determine your model‘s performance. Which of the following is the optimal methodology?
2026-10-07,1,"Datos, diseño y fundamentos de ML",33,702,single_choice,ML Pipelines | Experiment tracking | Data storage | Model evaluation,Deep Neural Networks | Keras | Model performance | Evaluation metrics | Experimentation,Kubeflow Pipelines,"To create a tailored Deep Neural Network in Keras that predicts customer purchases based on their past transactions, it is necessary to investigate model performance using diverse model structures, store the training data and have the capacity to contrast evaluation metrics on the same dashboard. What is the best way to do this?"
2026-10-07,1,"Datos, diseño y fundamentos de ML",34,705,single_choice,Dataset creation | Model training | Model deployment | Model serving | Explainable AI,Binary classification | Model interpretability | Feature attribution | AutoML | Tabular data,Vertex AI | AutoML,"You work for a retail company. You have been asked to develop a model to predict whether a customer will purchase a product on a given day. Your team has processed the company’s sales data, and created a table with the following rows: • Customer_id • Product_id • Date • Days_since_last_purchase (measured in days) • Average_purchase_frequency (measured in 1/days) • Purchase (binary class, if customer purchased product on the Date) You need to interpret your model’s results for each individual prediction. What should you do?"
2026-10-07,1,"Datos, diseño y fundamentos de ML",35,717,single_choice,Data integration | ETL | Data quality | Security | Analytics | Codeless interface,,Cloud Data Fusion,"As the responsible party for constructing a unified analytics environment with a number of on-premises data marts, your company is presently facing data quality and security issues when trying to join data from disparate sources. To address these challenges, a cost-effective and cloud-native data integration service is needed to reduce the total cost of work and repetitive tasks. Furthermore, some team members would like a codeless interface for constructing Extract, Transform, Load (ETL) procedures. What service should you use?"
2026-10-07,1,"Datos, diseño y fundamentos de ML",36,730,single_choice,Data cleaning | Data preparation,Data cleaning | Data correction | Model creation | Model updating,Dataprep,You just started working as a junior Data Scientist in a consulting Company. The job they gave you is to perform Data cleaning and correction so that they will later be used in the best possible way for creating and updating ML models. Data is stored in files of different formats. Which GCP service is best to help you with this business?
2026-10-07,1,"Datos, diseño y fundamentos de ML",37,780,single_choice,Model evaluation,Binary classification | Class imbalance | Evaluation metrics | F-score | Recall | Precision | Computer Vision,General,"You are developing a binary classification ML algorithm that aims to identify whether an image of a scanned document contains a company's logo. However, in the dataset, a significant imbalance exists, with 96% of examples not featuring the logo. To ensure the highest confidence in your model's performance, which metrics should you prioritize?"
2026-10-07,1,"Datos, diseño y fundamentos de ML",38,795,single_choice,,Classification | Model evaluation | Metrics | Recall,General,"You are a junior Data Scientist, and you are being interviewed for a new job. A senior Data Scientist asked you: Which metric for classification models evaluation gives you the percentage of real spam email that was recognized correctly? What was the exact answer to this question?"
2026-10-07,1,"Datos, diseño y fundamentos de ML",39,803,multiple_choice,Model explanation | Feature attribution,Explainable AI | Feature attribution | Feature importance | Sampled Shapley | Integrated gradients | XRAI,Vertex AI | Vertex Explainable AI,"You are working with Vertex AI, the managed ML Platform in GCP. You want to leverage Vertex Explainable AI to understand the most important features and how they influence the model. Which three methods does Vertex AI leverage for feature attributions?"
2026-10-07,1,"Datos, diseño y fundamentos de ML",40,821,single_choice,Model evaluation | Data preparation | Responsible AI,Text classification | Model bias | Fairness | False positive rate | Synthetic data | Training data,General,"Your organization operates an online message board, and in recent months, there has been a noticeable uptick in the use of toxic language and instances of bullying within the platform. To address this issue, you implemented an automated text classification system designed to identify and flag comments that exhibit toxic or harmful behavior. However, you've received reports from users who believe that benign comments related to their religion are being incorrectly classified as abusive. Upon closer examination, it's become evident that the false positive rate of your classifier is higher for comments that pertain to certain underrepresented religious groups. Given that your team is operating on a limited budget and already stretched thin, what steps should you take to remedy this situation?"
2026-10-08,1,"Datos, diseño y fundamentos de ML",1,823,single_choice,Custom jobs | Metadata management | Lineage tracking | Storage,ML workflows | Model lineage | Artifact tracking | Compliance | Model management | Dataset management,Vertex AI | Cloud Storage | Vertex AI Metadata,"You have a custom job that runs on Vertex AI on a weekly basis. The job is implemented using a proprietary ML workflow that produces the datasets, models, and custom artifacts, and sends them to a Cloud Storage bucket. Many different versions of the datasets and models were created. Due to compliance requirements, your company needs to track which model was used for making a particular prediction, and needs access to the artifacts for each model. How should you configure your workflows to meet these requirements?"
2026-10-08,1,"Datos, diseño y fundamentos de ML",2,825,single_choice,Data pipeline | Data storage,Input pipeline | Model training | Data serialization | Data loading,Cloud Storage,"Given the task to build an input pipeline for an ML training model that processes images from varied sources with high speed, an obstacle is encountered when the input data cannot fit in memory. What is the best approach to creating a dataset following Google‘s recommended principles?"
2026-10-08,1,"Datos, diseño y fundamentos de ML",3,838,multiple_choice,Data masking | De-identification | Security perimeters | Network security,Data privacy | Data security | Data transformation,Cloud Data Loss Prevention | VPC Service Controls,"You are working on a new model together with your client, a large financial institution. The data you are dealing with contains PII (Personally Identifiable Information) contents. You face 2 different sets of problems: Transform data to hide personal information you don‘t need Protect your work environment because certain combinations of personal data are useful for your model and you need to keep them What are the solutions offered by GCP that it is advisable to use (choose 2)?"
2026-10-08,1,"Datos, diseño y fundamentos de ML",4,903,single_choice,Experiment tracking | Artifact tracking | Data logging | Time series metrics logging,Time series analysis | Data preprocessing | Experiment tracking | Artifact tracking | Metrics,Vertex AI Workbench | Vertex AI TensorBoard | Vertex AI SDK | Vertex AI,"You are developing a model to predict potential failures in a critical machine part, utilizing a dataset that includes a multivariate time series and labels indicating part failures. You have begun to experiment with various preprocessing and modeling techniques in a Vertex AI Workbench notebook. How should you manage data logging and artifact tracking for each experiment run?"
2026-10-08,1,"Datos, diseño y fundamentos de ML",5,906,single_choice,Metadata management | Model versioning | Performance tracking | Model deployment,Forecasting | Seasonality | Model versioning | Performance metrics | Data slicing | Evaluation,Vertex ML Metadata,"You work as an ML engineer at a travel company, and you've been studying customers' travel behavior for an extended period. During this time, you've deployed models to forecast customers' vacation patterns. You've noticed that customers' vacation choices are influenced by seasonality and holidays, and these seasonal patterns remain consistent across different years. Your goal is to efficiently store and compare model versions and performance metrics across multiple years. How should you approach this task?"
2026-10-08,1,"Datos, diseño y fundamentos de ML",6,931,single_choice,Data integration | ETL | Data quality | Security | Analytics | Managed services | Codeless interface,,Cloud Data Fusion,"You are responsible for building a unified analytics environment across a variety of on-premises data marts. Your company is experiencing data quality and security challenges when integrating data across the servers, caused by the use of a wide range of disconnected tools and temporary solutions. You need a fully managed, cloud-native data integration service that will lower the total cost of work and reduce repetitive work. Some members on your team prefer a codeless interface for building Extract, Transform, Load (ETL) process. Which service should you use?"
2026-10-08,1,"Datos, diseño y fundamentos de ML",7,935,single_choice,Metadata management | Model evaluation | Model versioning,Forecasting | Model evaluation | Model versioning | Performance metrics | Experiment tracking | Data slicing,Vertex ML Metadata,"As an ML engineer for a travel company, I have been studying customer vacation patterns for a long time and have implemented models to forecast their travel activity. It has become evident that customer holiday destinations tend to fluctuate depending on the season and holiday period, yet these seasonal discrepancies are usually comparable across years. Therefore, to store and compare model iterations and performance statistics rapidly and with ease, what should I do?"
2026-10-08,1,"Datos, diseño y fundamentos de ML",8,109,single_choice,Model evaluation,Deep learning | Image classification | Imbalanced datasets | Model evaluation | Metrics | AUC,General,"You work for a maintenance company and have built and trained a deep learning model that identifies defects based on thermal images of underground electric cables. Your dataset contains 10,000 images, 100 of which contain visible defects. How should you evaluate the performance of the model on a test dataset?"
2026-10-08,1,"Datos, diseño y fundamentos de ML",9,130,single_choice,Model training | Model registration | Model evaluation,Churn prediction | Logistic regression | Model evaluation,BigQuery ML | Vertex AI | Vertex AI Model Registry,"You work for a large retailer, and you need to build a model to predict customer churn. The company has a dataset of historical customer data, including customer demographics purchase history, and website activity. You need to create the model in BigQuery ML and thoroughly evaluate its performance. What should you do?"
2026-10-08,1,"Datos, diseño y fundamentos de ML",10,147,single_choice,ML Roles,Classification | Regression | Clustering | Recommendation systems | Problem formulation,General,"Which role is primarily responsible for mapping business challenges to the correct machine learning approach (such as classification, regression, clustering, or recommendation systems)?"
2026-10-08,1,"Datos, diseño y fundamentos de ML",11,188,single_choice,Data pipeline,Data quality | Data pipeline | Data validation | Data cleansing,General,What is a common practice to ensure data quality in a data pipeline?
2026-10-08,1,"Datos, diseño y fundamentos de ML",12,203,multiple_choice,Data ingestion | Data processing | Push notifications | Data pipeline | Batch processing,Predictive maintenance,Pub/Sub | Dataflow | Firebase Messaging,You work in a large company that produces luxury cars. The following models will have a control unit capable of collecting data on mileage and technical status to allow intelligent management of maintenance by both the customer and the service centers. Every day a small batch of data will be sent that will be collected and processed in order to provide customers with the management of their vehicle health and push notifications in case of important messages. Which GCP products are the most suitable for this project (pick 3)?
2026-10-08,1,"Datos, diseño y fundamentos de ML",13,229,single_choice,Feature engineering | Data preparation,Feature engineering | Feature crossing | Binning | Features | Labels | Supervised learning,General,"You are a member of the data science team at a multinational beverage company. Your task is to create an ML model for predicting the profitability of a new line of naturally flavored bottled waters in various locations. You have access to historical data containing information such as product types, product sales volumes, expenses, and profits for all regions. What should you select as the input and output variables for your model?"
2026-10-08,1,"Datos, diseño y fundamentos de ML",14,243,single_choice,Data visualization | Data storage,,BigQuery | Data Studio,Which of the following Google Cloud services can be used to visualize large-scale data stored in BigQuery?
2026-10-08,1,"Datos, diseño y fundamentos de ML",15,309,single_choice,Model serving | Batch prediction | Data storage | Cost efficiency | Ease of management,TensorFlow | Prediction | Batch inference,BigQuery | BigQuery ML | Cloud SQL,"As a Machine Learning Engineer for a gaming company developing massively multiplayer online (MMO) games, I have created a TensorFlow model that predicts whether players will make in-app purchases of more than $10 in the next two weeks. This model will be used to tailor each user‘s game experience, with their data stored in BigQuery. To maximize cost efficiency, user experience, and ease of management, what would be the best way to serve this model?"
2026-10-08,1,"Datos, diseño y fundamentos de ML",16,313,multiple_choice,Managed services | Demand forecasting,Demand forecasting | Predictive modeling | Structured data,AutoML | BigQuery ML,Your client has a large e-commerce Website that sells sports goods and especially scuba diving equipment. It has a seasonal business and has collected a lot of sales data from its structured ERP and market trend databases. It wants to predict the demand of its customers both to increase business and improve logistics processes. What managed and fast-to-use GCP products can be used for these types of models (pick 2)?
2026-10-08,1,"Datos, diseño y fundamentos de ML",17,323,single_choice,Data storage | Data warehousing,Data storage | Machine learning systems,General,"In a large-scale machine learning system, which type of data storage is optimized for read-heavy workloads with complex queries?"
2026-10-08,1,"Datos, diseño y fundamentos de ML",18,339,single_choice,Input pipeline | Data storage,Input pipeline | Machine learning training | Image processing | Dataset construction | TFRecords | tf.data API,Google Cloud Storage,"You are tasked with developing an input pipeline for a machine learning training model, which needs to process images from various sources with minimal latency. Upon discovering that your input data exceeds available memory capacity, how would you construct a dataset in line with Google's recommended best practices?"
2026-10-08,1,"Datos, diseño y fundamentos de ML",19,361,single_choice,Model training | Dataset creation | AutoML,Forecasting | Time series | Tabular data | AutoML | Covariates | Target variable,Vertex AI,You work for a hospital that wants to optimize how it schedules operations. You need to create a model that uses the relationship between the number of surgeries scheduled and beds used. You want to predict how many beds will be needed for patients each day in advance based on the scheduled surgeries. You have one year of data for the hospital organized in 365 rows. The data includes the following variables for each day: • Number of scheduled surgeries • Number of beds occupied • Date You want to maximize the speed of model development and testing. What should you do?
2026-10-08,1,"Datos, diseño y fundamentos de ML",20,419,single_choice,Exploratory data analysis | Model evaluation,Exploratory data analysis | Classification | Neural Networks | Class imbalance | Evaluation metrics | Accuracy,General,"Working for a magazine publisher, a task of predicting whether customers will cancel their annual subscription has been assigned to you. During exploratory data analysis, it came to light that 90% of people renew their subscription every year and only 10% cancel it. After training a NN Classifier, the model showed excellent results with 99% accuracy in predicting those who cancelled their subscription and 82% accuracy in predicting those who renewed their subscription. So, what do these results indicate?"
2026-10-08,1,"Datos, diseño y fundamentos de ML",21,458,single_choice,Model creation | SQL-based ML,Regression | AutoML | Predictive modeling | Customer Lifetime Value (CLTV),BigQuery | BigQuery Studio,"Your company, which specializes in selling corporate electronic products globally, has accumulated substantial historical customer data stored in BigQuery. You need to create a model to predict customer lifetime value (CLTV) over the next three years. The approach should be straightforward and efficient. What should you do?"
2026-10-08,1,"Datos, diseño y fundamentos de ML",22,477,single_choice,Local feature importance | Model interpretation | Predictions,Binary classification | AutoML | Feature importance | Model interpretability,AutoML Tables,"You are an ML engineer at a bank. You have developed a binary classification model using AutoML Tables to predict whether a customer will make loan payments on time. The output is used to approve or reject loan requests. One customer's loan request has been rejected by your model, and the bank's risks department is asking you to provide the reasons that contributed to the model's decision. What should you do?"
2026-10-08,1,"Datos, diseño y fundamentos de ML",23,510,single_choice,Data storage | SQL querying | Large datasets,,BigQuery,Which Google Cloud service is optimized for storing and querying large datasets with SQL?
2026-10-08,1,"Datos, diseño y fundamentos de ML",24,512,single_choice,Model explanation | Predictions,Binary classification | Explainable AI | Local feature importance | Predictions,AutoML Tables,"As an ML engineer for a bank, I have created a binary classification model using AutoML Tables to determine whether customers will pay their loans on time. This output is then used to approve or reject loan requests. Recently, a loan request has been rejected by my model, so the risk department is asking for the reasons behind the decision. How can I provide the necessary information to explain the model‘s decision?"
2026-10-08,1,"Datos, diseño y fundamentos de ML",25,566,single_choice,Exploratory Data Analysis,Exploratory Data Analysis | Feature quality | Data visualization | Outlier detection | Data distribution,General,"In Exploratory Data Analysis (EDA), why would an ML engineer use a box plot when evaluating feature quality?"
2026-10-08,1,"Datos, diseño y fundamentos de ML",26,666,multiple_choice,Real-time data processing | Data storage | Data aggregation | Streaming,Fraud detection | Outlier detection | Unsupervised learning,Dataflow Flex | Pub/Sub | BigQuery,Your team is designing a fraud detection system for a major Bank. The requirements are: Various banking applications will send transactions to the new system in real-time and in standard/normalized format. The data will be stored in real-time with some statistical aggregations. An ML model will be periodically trained for outlier detection. The ML model will issue the probability of fraud for each transaction. It is preferable to have no labeling and as little software development as possible. Which products would you choose (pick 3)?
2026-10-08,1,"Datos, diseño y fundamentos de ML",27,709,single_choice,Batch prediction | Model deployment | Data storage,OCR | Computer Vision | Batch processing | Automation | Deep Learning,Cloud Storage | Vertex AI,"As the lead ML Engineer for your company, you are responsible for building ML models to digitize scanned customer forms. You have developed a TensorFlow model that converts the scanned images into text and stores them in Cloud Storage. You need to use your ML model on the aggregated data collected at the end of each day with minimal manual intervention. What should you do?"
2026-10-08,1,"Datos, diseño y fundamentos de ML",28,755,multiple_choice,General,Nonparametric algorithms | Parametric algorithms | K-Nearest Neighbors | Decision Trees,General,You are starting to operate as a Data Scientist. You speak with your mentor who asked you to prepare a simple model with a nonparametric Machine Learning algorithm of your choice. The problem is that you don’t know the difference between parametric and nonparametric algorithms. So you looked for it. Which of the following methods are nonparametric?
2026-10-08,1,"Datos, diseño y fundamentos de ML",29,767,single_choice,Data Warehousing | Data Storage | Data Analysis,Data Management,General,"In data system design, what is the role of data warehousing?"
2026-10-08,1,"Datos, diseño y fundamentos de ML",30,777,single_choice,Data preparation | Data processing,Data quality assessment | Data preparation | Data processing | Anomaly detection,General,Why is data quality assessment crucial in the design of data preparation and processing systems?
2026-10-08,1,"Datos, diseño y fundamentos de ML",31,808,single_choice,Data analysis | Model training | In-database machine learning,Clustering | K-means clustering | Unsupervised learning | Customer segmentation | Hyperparameter optimization,BigQuery | BigQuery ML,"You are employed by a major retailer and have received a request to categorize your customers based on their buying patterns. The buying records of all customers have been uploaded to BigQuery. You have a hunch that there might be multiple distinct customer segments, but you're uncertain about the exact number and the shared characteristics among them. Your goal is to discover the most efficient approach. What steps should you take?"
2026-10-08,1,"Datos, diseño y fundamentos de ML",32,815,single_choice,Data preparation | Data processing,Data transformation | Data preparation | Data processing,General,What does the term “data transformation“ refer to in the context of data preparation and processing systems?
2026-10-08,1,"Datos, diseño y fundamentos de ML",33,837,single_choice,Data preparation | Feature engineering,Feature scaling | Normalization | Overfitting | Data preprocessing,General,"As you build an ML model to predict stock market trends based on a wide range of factors, you observe that some features possess a large range. To prevent these features with the largest magnitude from overfitting the model, what action should you take?"
2026-10-08,1,"Datos, diseño y fundamentos de ML",34,843,single_choice,Data labeling | Model training | Anomaly detection,Predictive maintenance | Data labeling | Heuristics | Z-score | Anomaly detection | Supervised learning | Monitoring,General,"You work on an operations team at an international company that manages a large fleet of on-premises servers located in few data centers around the world. Your team collects monitoring data from the servers, including CPU/memory consumption. When an incident occurs on a server, your team is responsible for fixing it. Incident data has not been properly labeled yet. Your management team wants you to build a predictive maintenance solution that uses monitoring data from the VMs to detect potential failures and then alerts the service desk team. What should you do first?"
2026-10-08,1,"Datos, diseño y fundamentos de ML",35,871,single_choice,Model evaluation,Exploratory data analysis | Classification | Neural networks | Imbalanced datasets | Model evaluation | Metrics | Accuracy,General,"You work for a magazine publisher and have been tasked with predicting whether customers will cancel their annual subscription. In your exploratory data analysis, you find that 90% of individuals renew their subscription every year, and only 10% of individuals cancel their subscription. After training a NN Classifier, your model predicts those who cancel their subscription with 99% accuracy and predicts those who renew their subscription with 82% accuracy. How should you interpret these results?"
2026-10-08,1,"Datos, diseño y fundamentos de ML",36,875,single_choice,Data preparation | Data quality,Data preparation | Data quality assessment | Anomaly detection | Data cleaning,General,Why is data quality assessment crucial in ML data preparation?
2026-10-08,1,"Datos, diseño y fundamentos de ML",37,916,single_choice,Professional Machine Learning Engineer,ML formulation | Classification | Regression | Clustering | Recommendation,General,"Which role is primarily responsible for translating business challenges into the correct machine learning formulation, such as choosing between classification, regression, clustering, or recommendation?"
2026-10-08,1,"Datos, diseño y fundamentos de ML",38,940,single_choice,Data pipeline | Streaming data processing | Data storage | Analytics | Visualization,Anomaly detection | Real-time processing,Pub/Sub | Dataflow | Vertex AI | BigQuery,You are building an ML model to detect anomalies in real-time sensor data. You will use Pub/Sub to handle incoming requests. You want to store the results for analytics and visualization. How should you configure the pipeline?
2026-10-08,1,"Datos, diseño y fundamentos de ML",39,274,single_choice,Data storage | Data management,Data cleaning | Data quality,General,"What is data duplication, and why is it important?"
2026-10-08,1,"Datos, diseño y fundamentos de ML",40,317,single_choice,Model evaluation | Business metrics,Forecasting | Model evaluation | Metrics | Predictive modeling,General,"Your company operates a video sharing platform where users can view and upload videos. You're tasked with developing an ML model to forecast which newly uploaded videos will gain the most popularity, allowing these videos to receive priority placement on your company's website. How should you determine the success of the model?"
2026-10-09,1,"Datos, diseño y fundamentos de ML",1,341,single_choice,Data Preprocessing | Model Training,Deep Learning | Neural Networks | Data Normalization | Preprocessing | Model Performance | Statistical Testing,General,"You are working on a deep neural network model with Tensorflow. Your model is complex, and you work with very large datasets full of numbers. You want to increase performances. But you cannot use further resources. You are afraid that you are not going to deliver your project in time. Your mentor said to you that normalization could be a solution. Which of the following choices do you think is not for data normalization?"
2026-10-09,1,"Datos, diseño y fundamentos de ML",2,390,multiple_choice,,Linear regression | Evaluation metrics | R-squared | Outliers | Non-linearity | Exploratory Data Analysis | Anscombe's Quartet,General,"You are a junior Data Scientist. You are working with a linear regression model with sklearn. Your outcome model presented a good R-square – coefficient of determination, but the final results were poor. When you asked for advice, your mentor laughed and said that you failed because of the Anscombe Quartet problem. What are the other possible problems described by the famous Anscombe Quartet?"
2026-10-09,1,"Datos, diseño y fundamentos de ML",3,401,single_choice,Model development | Data transformation,Random Forest | Fraud detection | Imbalanced dataset | Oversampling | Classification | Data transformation,General,"Working for a bank, a random forest model is being developed for fraud detection. The dataset provided includes transactions, with 1% being identified as fraudulent. To maximize the performance of the classifier, what data transformation strategy should be employed?"
2026-10-09,1,"Datos, diseño y fundamentos de ML",4,427,single_choice,Data collection | AI Ethics,Recommendation system | AI Ethics | Metadata | User event data | Heuristics | Data collection,General,"You have the task of designing a recommendation system for a new video streaming platform. Your goal is to suggest the next video for users to watch. After receiving approval from an AI Ethics team, you're ready to commence development. Although your company's video catalog contains valuable metadata (e.g., content type, release date, country), you currently lack historical user event data. How should you go about constructing the recommendation system for the initial product version?"
2026-10-09,1,"Datos, diseño y fundamentos de ML",5,475,single_choice,Data ingestion | ML pipelines,Data ingestion | ML pipelines | Automation,General,What is the primary benefit of automating data ingestion in ML pipelines?
2026-10-09,1,"Datos, diseño y fundamentos de ML",6,484,single_choice,Data preparation | Data processing,Data Preprocessing | Data Cleaning | Missing Values,General,What is a common technique to handle missing values in a dataset?
2026-10-09,1,"Datos, diseño y fundamentos de ML",7,504,single_choice,Data protection | PII de-identification | Sensitive data handling,Chatbot | Data Privacy | De-identification | Data Preprocessing,DLP API,Your team is developing a customer support chatbot for a healthcare company that processes sensitive patient information. You need to ensure that all personally identifiable information (PII) captured during customer conversations is protected prior to storing or analyzing the data. What should you do?
2026-10-09,1,"Datos, diseño y fundamentos de ML",8,517,single_choice,ETL | Data integration | Data systems design,ETL | Data integration | Data systems design,General,"Which technology or tool is commonly used for data integration and ETL (Extract, Transform, Load) processes in data systems design?"
2026-10-09,1,"Datos, diseño y fundamentos de ML",9,530,single_choice,Data preparation,Data cleaning | Data preparation | Data quality,General,Why is data cleaning an essential step in data preparation for ML?
2026-10-09,1,"Datos, diseño y fundamentos de ML",10,568,single_choice,Feature attribution | Model analysis,Fraud detection | Model evaluation | Bias | Fairness | Explainability | Interpretability | Feature attribution,Vertex AI,"You have developed a fraud detection model for a large financial institution using Vertex AI. The model achieves high accuracy, but the stakeholders are concerned about the model's potential for bias based on customer demographics. You have been asked to provide insights into the model's decision-making process and identify any fairness issues. What should you do?"
2026-10-09,1,"Datos, diseño y fundamentos de ML",11,587,single_choice,Data pipeline | Object storage | Scalability,Data Engineering,Google Cloud Storage,How does Google Cloud Storage fit into a data pipeline architecture?
2026-10-09,1,"Datos, diseño y fundamentos de ML",12,630,multiple_choice,Data protection | PII redaction | Speech-to-text | Image analysis,Classification | Natural Language Processing | Speech Recognition | Computer Vision | Data Privacy,Cloud Data Loss Prevention API | Cloud Speech API | Cloud Vision API,"Your company is designing a series of models aimed at optimal customer care management. For this purpose, all written and voice communications with customers are recorded so that they can be classified and managed. The problem is that Clients often provide private information that cannot be distributed and disclosed. Which of the following techniques can you use (pick 3)?"
2026-10-09,1,"Datos, diseño y fundamentos de ML",13,661,single_choice,Model evaluation,Metrics | Precision | Recall | Model evaluation | Classification | Sampling,General,"As an employee of a major social network provider, you are responsible for assisting the human moderators in reviewing the huge number of comments posted daily. To do this, your team is developing a Machine Learning model designed to identify and flag potentially offensive comments for review. What metric(s) should be used to measure the effectiveness of the model?"
2026-10-09,1,"Datos, diseño y fundamentos de ML",14,681,single_choice,Batch prediction | Data storage | Automation,Computer Vision | OCR | Batch prediction | Automation | Deep Learning,Cloud Storage | Vertex AI,"As the leading Machine Learning Engineer for the company, it is your duty to construct ML models to digitize the customer forms that have been scanned. You have designed a TensorFlow model to take the scanned images and convert them into text, then store them in Cloud Storage. To use this model on the data collected each day, you must find a way to do so with minimal human involvement. What is the best course of action?"
2026-10-09,1,"Datos, diseño y fundamentos de ML",15,685,single_choice,Cloud migration | Cluster management | Managed notebooks,Data science | Distributed computing | Prototyping,Dataproc | Vertex AI Workbench,"You are employed by a startup that manages various data science workloads. Currently, your compute infrastructure is on-premises, and the data science workloads rely on PySpark. Your team is planning to migrate these data science workloads to Google Cloud. To initiate a proof of concept for migrating one data science job to Google Cloud while minimizing cost and effort, what should be your initial step?"
2026-10-09,1,"Datos, diseño y fundamentos de ML",16,687,single_choice,Data storage | Asynchronous processing | Serverless computing | API integration,Sentiment analysis | Speech-to-Text | Natural Language Processing,Cloud Storage | Speech-to-Text API | Cloud Functions | Natural Language API,"Your company maintains a substantial collection of audio files from phone calls to your customer call center, stored in an on-premises database. These audio files are in wav format and have an approximate duration of 5 minutes each. Your objective is to analyze these audio files for customer sentiment, and you plan to utilize the Speech-to-Text API. Your goal is to employ the most efficient approach. What steps should you take?"
2026-10-09,1,"Datos, diseño y fundamentos de ML",17,704,single_choice,Predictive maintenance | Data labeling | Anomaly detection,Predictive maintenance | Data labeling | Heuristics | Anomaly detection | Model training | Z-score,General,You work on a team in a data center that is responsible for server maintenance. Your management team wants you to build a predictive maintenance solution that uses monitoring data to detect potential server failures. Incident data has not been labeled yet. What should you do first?
2026-10-09,1,"Datos, diseño y fundamentos de ML",18,762,single_choice,Exploratory Data Analysis (EDA) | Data analysis,Exploratory Data Analysis (EDA),BigQuery,"Which Google Cloud service can be used to query and analyze large, petabyte-scale datasets interactively and cost-effectively during the Exploratory Data Analysis (EDA) phase of a machine learning project?"
2026-10-09,1,"Datos, diseño y fundamentos de ML",19,764,single_choice,Time series forecasting,Demand forecasting | Time series analysis | ARIMA | Structured data,BigQuery ML,Your client has a large e-commerce Website that sells sports goods and especially scuba diving equipment. It has a seasonal business and has collected many sales data from its structured ERP and market trend databases. It wants to predict the demand of its customers both to increase business and improve logistics processes. Which of the following types of models and techniques should you focus on to obtain results quickly and with minimum effort?
2026-10-09,1,"Datos, diseño y fundamentos de ML",20,766,single_choice,Data preprocessing | Feature engineering,Data normalization | Feature scaling | Model performance,General,What is the benefit of using data normalization in machine learning?
2026-10-09,1,"Datos, diseño y fundamentos de ML",21,836,single_choice,Exploratory data analysis | Data quality,Exploratory data analysis | Data quality | Anomaly detection,General,What is the role of exploratory data analysis (EDA) in evaluating data quality?
2026-10-09,1,"Datos, diseño y fundamentos de ML",22,850,single_choice,Data integrity | Data verification | Object versioning,,Cloud Storage,Which Google Cloud feature helps ensure data integrity by generating hash values for data verification?
2026-10-09,1,"Datos, diseño y fundamentos de ML",23,859,single_choice,General,Data bias | Dataset | Model predictions,General,"What is data bias, and why is it important to detect it in a dataset?"
2026-10-09,1,"Datos, diseño y fundamentos de ML",24,909,single_choice,Monitoring | Alerting | Predictive maintenance,Predictive maintenance | Data labeling | Heuristics | Z-score | Classification | Anomaly detection,General,"As an operations team at an international corporation, your task is to manage a considerable number of on-premises servers located in few data centers worldwide. From the servers, your team collects CPU/memory usage data. When any incident occurs, your team is required to take action. Unfortunately, the incident data has still not been properly labeled. Your management team has asked you to construct a predictive maintenance solution that can use monitoring data from the VMs to recognize probable failures and then alert the service desk team. So, what would be the initial step?"
2026-10-09,1,"Datos, diseño y fundamentos de ML",25,918,single_choice,Data modeling | Data system design | Data schema,Data Engineering,General,"Which phase of data system design involves defining data schema, structures, and relationships?"
2026-10-09,1,"Datos, diseño y fundamentos de ML",26,921,single_choice,Data transformation,Random Forest | Fraud detection | Imbalanced data | Data transformation | Oversampling | Classification,General,"You work for a bank and are building a random forest model for fraud detection. You have a dataset that includes transactions, of which 1% are identified as fraudulent. Which data transformation strategy would likely improve the performance of your classifier?"
2026-10-09,1,"Datos, diseño y fundamentos de ML",27,943,single_choice,Feature engineering,Feature engineering | Feature cross | Binning | Regression | Supervised learning,General,"As a data scientist for a multinational beverage company, you are tasked with constructing a machine learning model to estimate the profit potential of a new line of natural flavored bottled waters in various locations. The provided historical data includes information on product categories, sales figures, expenses, and profits for all areas. What would be the most suitable input and output for your model?"
2026-10-09,1,"Datos, diseño y fundamentos de ML",28,945,single_choice,Data preparation | Data processing,Data preparation | Data processing | Data analysis,General,What is the primary goal of data preparation and processing systems in ML?
2026-10-09,1,"Datos, diseño y fundamentos de ML",29,108,single_choice,Data pipeline | Streaming data | IoT,Data aggregation,General,Which type of data pipeline would you use for aggregating sensor data collected every minute from IoT devices?
2026-10-09,1,"Datos, diseño y fundamentos de ML",30,134,single_choice,Model development | Feature selection,Linear models | Feature selection | Regularization | L1 regularization,General,"You are developing a linear model that involves more than 100 input features, all of which have values ranging from -1 to 1. You have a suspicion that many of these features do not provide valuable information for your model. Your objective is to eliminate the non-informative features while preserving the informative ones in their original state. What technique is most suitable for achieving this goal?"
2026-10-09,1,"Datos, diseño y fundamentos de ML",31,136,single_choice,Feature engineering,Feature engineering | Feature crosses | Binning | One-hot encoding | Categorical encoding,General,You are an ML engineer at a global car manufacturer. Your task is to develop an ML model for predicting car sales in various cities worldwide. Which features or feature combinations should you use to capture city-specific relationships between car types and the number of sales?
2026-10-09,1,"Datos, diseño y fundamentos de ML",32,142,single_choice,Data consistency,Data consistency | Data formatting | Data structure,General,Why is data consistency important in machine learning?
2026-10-09,1,"Datos, diseño y fundamentos de ML",33,163,single_choice,Model evaluation | Business metrics,Evaluation | Metrics | Real-time inference | Matchmaking,General,"You are employed by a gaming company that oversees a popular online multiplayer game featuring 5-minute battles between teams of 6 players. With a continuous influx of new players daily, your task is to develop a real-time model for automatically assigning available players to teams. According to user research, battles are more enjoyable when players of similar skill levels are matched together. What key business metrics should you monitor to evaluate the performance of your model?"
2026-10-09,1,"Datos, diseño y fundamentos de ML",34,169,single_choice,Feature engineering,Linear Regression | Dimensionality reduction | Feature synthesis | Principal component analysis (PCA) | Model optimization,General,You have a Linear Regression model for the optimal management of supplies to a sales network based on a large number of different driving factors. You want to simplify the model to make it more efficient and faster. Your first goal is to synthesize the features without losing the information content that comes from them. Which of these is the best technique?
2026-10-09,1,"Datos, diseño y fundamentos de ML",35,173,single_choice,Explainable AI | Model evaluation,Image classification | Recall | Explainable AI | Integrated Gradients | Feature attribution,General,You work for a textile manufacturer and have been asked to build a model to detect and classify fabric defects. You trained a machine learning model with high recall based on high resolution images taken at the end of the production line. You want quality control inspectors to gain trust in your model. Which technique should you use to understand the rationale of your classifier?
2026-10-09,1,"Datos, diseño y fundamentos de ML",36,198,single_choice,Data quality,Metrics | Data quality,General,Which metric is commonly used to assess the completeness of a dataset?
2026-10-09,1,"Datos, diseño y fundamentos de ML",37,200,single_choice,Data analysis | Data visualization,Data Visualization | Exploratory Data Analysis,General,What type of chart would you use to compare the frequencies of different categories in a dataset?
2026-10-09,1,"Datos, diseño y fundamentos de ML",38,223,multiple_choice,Managed environment | Storage,NLP | Classification | ML model,Vertex AI | Vertex AI | Filestore | Block Storage,"You and your team are working for a large consulting firm. You are preparing an NLP ML model to classify customer support needs and to assess the degree of satisfaction. The texts of the various communications are stored in different storage. What types of storage should you avoid in the managed environment of GCP ML, such as Vertex AI and Vertex AI (pick 2)?"
2026-10-09,1,"Datos, diseño y fundamentos de ML",39,250,single_choice,Data feasibility analysis,Data feasibility analysis | Data availability | Data accessibility,General,What is data feasibility analysis primarily concerned with?
2026-10-09,1,"Datos, diseño y fundamentos de ML",40,291,single_choice,Model explanation | Feature attribution,Explainability | Feature attribution | Feature-based explanations,Vertex Explainable AI,"You are an ML engineer at a bank. You need to build a solution that provides transparent and understandable explanations for AI-driven decisions for loan approvals, credit limits, and interest rates. You want to build this system to require minimal operational overhead. What should you do?"
2026-10-10,1,"Datos, diseño y fundamentos de ML",1,404,single_choice,Data preparation | Data processing | Automation,Data preparation | Data processing | Automation,General,How can automation benefit data preparation and processing systems?
2026-10-10,1,"Datos, diseño y fundamentos de ML",2,435,single_choice,Model development,Computer Vision | Image Preprocessing | Feature Extraction | Convolutional Neural Networks (CNN) | Deep Learning,General,You are an ML engineer at a manufacturing company. You need to build a model that identifies defects in products based on images of the product taken at the end of the assembly line. You want your model to preprocess the images with lower computation to quickly extract features of defects in products. Which approach should you use to build the model?
2026-10-10,1,"Datos, diseño y fundamentos de ML",3,451,single_choice,Image classification | Model training,Computer Vision | Image classification | Classification,AutoML Vision,"Your company operates an innovative auction site for furniture from all times. You have to create a series of ML models that allow you, starting from the photos, to establish the period, style and type of the piece of furniture depicted. Furthermore, the model must be able to determine whether the furniture is interesting and require it to be subject to a more detailed estimate. You want Google Cloud to help you reach this ambitious goal faster. Which of the following services do you think is the most suitable?"
2026-10-10,1,"Datos, diseño y fundamentos de ML",4,537,single_choice,Predictive maintenance | Anomaly detection | Data labeling,Predictive maintenance | Anomaly detection | Data labeling | Heuristics | Z-score | Model training,General,"Working in a data center, my team and I are assigned to maintain the servers. Our management wants us to construct a predictive maintenance solution using the gathered monitoring data, so we can identify possible server breakdowns. However, the incident data has not been labeled. What is the most appropriate initial action to take?"
2026-10-10,1,"Datos, diseño y fundamentos de ML",5,542,multiple_choice,General,Linear Regression | Multicollinearity | Partial Least Squares | Principal Component Analysis | Multivariate Multiple Regression,General,You are working with a Linear Regression model for an important Financial Institution. Your model has many independent variables. You discovered that you could not achieve good results because many variables are correlated. You asked for advice from an experienced Data scientist that explains what you can do. Which techniques or algorithms did he advise to use (pick 3)?
2026-10-10,1,"Datos, diseño y fundamentos de ML",6,567,single_choice,Batch processing | Streaming data processing | Unified programming model,Batch processing | Streaming data processing,Dataflow,How does Data flow support both batch and streaming data processing?
2026-10-10,1,"Datos, diseño y fundamentos de ML",7,590,single_choice,Serverless architecture | Handling large datasets,,BigQuery,"In the context of Google Cloud, what is a key feature of BigQuery that aids in handling large datasets?"
2026-10-10,1,"Datos, diseño y fundamentos de ML",8,628,single_choice,Data processing | Data transformation,Reproducibility | Data processing | Data transformation,General,Which practice helps in ensuring the reproducibility of data processing?
2026-10-10,1,"Datos, diseño y fundamentos de ML",9,724,single_choice,Model validation | Model evaluation,ML system design | Model evaluation | Metrics | Precision | Recall | ROC-AUC | KPIs | Model validation | Model performance,General,"In ML system design, what is the main purpose of incorporating model evaluation metrics such as precision, recall, ROC-AUC, and business-level KPIs during model validation"
2026-10-10,1,"Datos, diseño y fundamentos de ML",10,735,single_choice,Data Privacy,Data Privacy | Data Collection,General,What does the term “data minimization“ refer to in data privacy?
2026-10-10,1,"Datos, diseño y fundamentos de ML",11,798,single_choice,Feature engineering | Problem framing,Feature engineering | Problem framing | Data preprocessing,General,What role does feature engineering play in framing an ML problem?
2026-10-10,1,"Datos, diseño y fundamentos de ML",12,851,single_choice,Data visualization | Exploratory Data Analysis,Data visualization | Exploratory Data Analysis | Descriptive statistics | Outlier detection,General,What is the purpose of using a box plot in data visualization?
2026-10-10,1,"Datos, diseño y fundamentos de ML",13,877,single_choice,Model evaluation | Real-time prediction,Evaluation | Metrics | Business metrics | Real-time inference,General,"As a gaming company, you manage a popular online multiplayer game in which teams of six players battle for five minutes. Every day, new players join the game. To ensure these players have a more enjoyable experience, you need to create a model that assigns them to teams in real-time, taking skill level into account. To measure the performance of the model, which business metrics should you track?"
2026-10-10,1,"Datos, diseño y fundamentos de ML",14,919,single_choice,Data storage | Image analysis,Object detection | Image annotation | Computer Vision,Cloud Storage | Cloud Vision API,"You work for a company that builds bridges for cities around the world. To track the progress of projects at the construction sites, your company has set up cameras at each location. Each hour, the cameras take a picture that is sent to a Cloud Storage bucket. A team of specialists reviews the images, filters important ones, and then annotates specific objects in them. You want to propose using an ML solution that will help the company scale and reduce costs. You need the solution to have minimal up-front cost. What method should you propose?"
2026-10-10,1,"Datos, diseño y fundamentos de ML",15,152,single_choice,Data quality | Modeling,Data quality | Evaluation | Modeling,General,What is the primary purpose of evaluating data quality in a machine learning project?
2026-10-10,1,"Datos, diseño y fundamentos de ML",16,222,single_choice,Data analysis,Exploratory data analysis (EDA) | Data analysis,General,Which type of analysis is performed to understand the relationship between variables in a dataset?
2026-10-10,1,"Datos, diseño y fundamentos de ML",17,239,single_choice,Feature engineering | Data preparation,Feature engineering | Model development,General,What does feature engineering involve in ML model development?
2026-10-10,1,"Datos, diseño y fundamentos de ML",18,263,single_choice,Data visualization | Dashboards,Data visualization | Dashboards,Data Studio,Which Google Cloud tool is commonly used for creating interactive data visualizations and dashboards?
2026-10-10,1,"Datos, diseño y fundamentos de ML",19,279,single_choice,Time series analysis | Data evaluation,Evaluation | Time series analysis,General,Which method is used to evaluate the reliability of data over time?
2026-10-10,1,"Datos, diseño y fundamentos de ML",20,320,single_choice,ML problem framing,Problem framing | Problem formulation | Classification | Regression | Clustering,General,"When framing an ML problem on Google Cloud, what is a key step in ensuring that the solution approach matches the business objective and the type of data available"
2026-10-10,1,"Datos, diseño y fundamentos de ML",21,383,single_choice,Data visualization,Data visualization | Hierarchical data,General,What type of visualization would you use to show the hierarchical structure of data?
2026-10-10,1,"Datos, diseño y fundamentos de ML",22,399,single_choice,Asynchronous recognition | Audio transcription,Transcription | Summarization | Sentiment analysis | Audio processing,Cloud Storage | Speech-to-Text API,"You work at an organization that maintains a cloud-based communication platform that integrates conventional chat, voice, and video conferencing into one platform. The audio recordings are stored in Cloud Storage. All recordings have a 16 kHz sample rate and are more than one minute long. You need to implement a new feature in the platform that will automatically transcribe voice call recordings into text for future applications, such as call summarization and sentiment analysis. How should you implement the voice call transcription feature while following Google-recommended practices?"
2026-10-10,1,"Datos, diseño y fundamentos de ML",23,403,single_choice,Real-time analytics | Streaming data,Real-time analytics | Streaming data,BigQuery,Which Google Cloud service is optimized for real-time analytics on streaming data?
2026-10-10,1,"Datos, diseño y fundamentos de ML",24,424,single_choice,Document processing | Data extraction | Unstructured data analysis,Document Analysis | Information Extraction | Natural Language Processing,Document AI,"You work in a company that has acquired an advanced consulting services company. Management wants to analyze all past important projects and key customer relationships. The consulting company does not have an application that manages this data in a structured way but is certified for the quality of its services. All its documents follow specific rules. It was decided to acquire structured information on projects, areas of expertise and customers through the analysis of these documents. You‘re looking for ML methodologies that make this process quicker and easier. What are the better choices in GCP?"
2026-10-10,1,"Datos, diseño y fundamentos de ML",25,425,single_choice,Statistical analysis | AI/ML integration | Forecasting,Statistical analysis | Forecasting | Simulations | Probabilistic modeling | AI/ML integration,General,"Your company traditionally deals with the statistical analysis of data. The services have been integrated with ML models for forecasting for some years, but analyzes and simulations of all kinds are carried out. So you are using two types of tools. But you have been told that it is possible to have more levels of integration between traditional statistical methodologies and those more related to AI / ML processes. Which tool is the best one for your needs?"
2026-10-10,1,"Datos, diseño y fundamentos de ML",26,443,single_choice,Data exploration | Exploratory Data Analysis (EDA),Exploratory Data Analysis (EDA) | Correlation matrix | Data visualization,General,What is the role of a correlation matrix in EDA ?
2026-10-10,1,"Datos, diseño y fundamentos de ML",27,445,single_choice,Data visualization,Data Visualization | Exploratory Data Analysis,General,Which type of plot is best suited for visualizing the distribution of data across different categories?
2026-10-10,1,"Datos, diseño y fundamentos de ML",28,503,single_choice,Model evaluation | Success metrics,Predictive modeling | Model evaluation | Metrics | Recall,General,Your company manages a video sharing website where users can watch and upload videos. You need to create an ML model to predict which newly uploaded videos will be the most popular so that those videos can be prioritized on your company‘s website. Which result should you use to determine whether the model is successful?
2026-10-10,1,"Datos, diseño y fundamentos de ML",29,520,single_choice,ML solution architecture,Feature engineering | ML solution architecture | Data preprocessing,General,What does the term “feature engineering“ refer to in the context of ML solution architecture?
2026-10-10,1,"Datos, diseño y fundamentos de ML",30,540,single_choice,Data Quality | Model Performance,Data Quality | Bias | Model Performance,General,How can data quality issues impact the machine learning model?
2026-10-10,1,"Datos, diseño y fundamentos de ML",31,576,single_choice,Data processing | Apache Spark,Data processing,Dataproc,Which Google Cloud service is used to run large-scale data processing jobs with Apache Spark?
2026-10-10,1,"Datos, diseño y fundamentos de ML",32,589,single_choice,General,Convolutional Neural Networks | Computer Vision | Image Recognition | Feature Cross | Imbalanced Data | Classification,General,The purpose of your current project is the recognition of genuine or forged signatures on checks and documents against regular signatures already stored by the Bank. There is obviously a very low incidence of fake signatures. The system must recognize which customer the signature belongs to and whether the signature is identified as genuine or skilled forged. Which of the following technical specifications can‘t you use with CNN?
2026-10-10,1,"Datos, diseño y fundamentos de ML",33,599,single_choice,Data visualization,Data visualization | Exploratory Data Analysis,General,What is the purpose of using a heatmap in data visualization?
2026-10-10,1,"Datos, diseño y fundamentos de ML",34,663,single_choice,Streaming data processing | Windowing,Streaming data | Data processing,General,What is a window in the context of streaming data processing?
2026-10-10,1,"Datos, diseño y fundamentos de ML",35,731,single_choice,Data Privacy | Compliance | Data Governance,Data Privacy | Compliance | Data Governance,General,Which of the following is a fundamental right under the GDPR?
2026-10-10,1,"Datos, diseño y fundamentos de ML",36,740,single_choice,Data visualization,Data visualization | Exploratory Data Analysis,General,What is the purpose of using a pair plot in data visualization?
2026-10-10,1,"Datos, diseño y fundamentos de ML",37,781,single_choice,Data processing,Data processing,Dataproc,Which Google Cloud service is most suitable for large-scale data processing using Apache Spark?
2026-10-10,1,"Datos, diseño y fundamentos de ML",38,864,single_choice,Anomaly detection | Data visualization,Anomaly detection | Data visualization,Data Studio,Which Google Cloud tool is used to detect and visualize data anomalies?
2026-10-10,1,"Datos, diseño y fundamentos de ML",39,866,single_choice,Batch data processing,Data processing,BigQuery,Which of the following is an example of a batch data processing service in Google Cloud ?
2026-10-10,1,"Datos, diseño y fundamentos de ML",40,879,single_choice,Problem framing,Evaluation | Metrics | Problem framing | Model performance,General,What is the primary focus of the “evaluation metric“ step in problem framing?
2026-10-11,2,"Entrenamiento, escalado y optimización",1,901,single_choice,Custom training | Distributed training | Model training,Object detection | Model training | Distributed training | Custom training,Vertex AI | Compute Engine,"You are training an object detection machine learning model on a dataset that consists of three million X-ray images, each roughly 2 GB in size. You are using Vertex AI Training to run a custom training application on a Compute Engine instance with 32-cores, 128 GB of RAM, and 1 NVIDIA P100 GPU. You notice that model training is taking a very long time. You want to decrease training time without sacrificing model performance. What should you do?"
2026-10-11,2,"Entrenamiento, escalado y optimización",2,391,single_choice,Model training | Cost optimization | Performance optimization | Distributed training,Large Language Models | Pre-training | TensorFlow | Distributed training | Training loop | Batch size,Compute Engine,"You are pre-training a large language model on Google Cloud, which involves custom TensorFlow operations in the training loop, a large batch size, and several weeks of training. You aim to configure a training architecture that minimizes both training time and compute costs. What should you do?"
2026-10-11,2,"Entrenamiento, escalado y optimización",3,167,single_choice,Model training | Distributed training,Deep learning | Model training | Distributed training | GPU training | Batch size | Keras | TensorFlow,General,"You have recently created a deep learning model using Keras and are currently exploring various training strategies. Initially, you trained the model on a single GPU, but the training process proved to be too slow. Subsequently, you attempted to distribute the training across 4 GPUs using `tf.distribute.MirroredStrategy`, but you did not observe a reduction in training time. What steps should you take next?"
2026-10-11,2,"Entrenamiento, escalado y optimización",4,207,single_choice,Data preprocessing | Pipeline orchestration | Model training | Custom training,Wide and deep model | TensorFlow | Preprocessing | Training pipeline | Model retraining | Recommendations | Model development,BigQuery | Kubeflow Pipelines | Vertex AI,"You recently developed a wide and deep model in TensorFlow, and you generated training datasets using a SQL script in BigQuery for preprocessing raw data. You now need to create a training pipeline for weekly model retraining, which will generate daily recommendations. Your goal is to minimize model development and training time. How should you develop the training pipeline?"
2026-10-11,2,"Entrenamiento, escalado y optimización",5,380,single_choice,Model training | Compute resources | Hardware acceleration,Object detection | Model training | Training optimization | Model performance,Vertex AI | Compute Engine | Cloud TPU,"You are currently in the process of training a machine learning model for object detection. Your dataset comprises approximately three million X-ray images, each with an approximate size of 2 GB. You have set up the training process using Vertex AI Training, utilizing a Compute Engine instance equipped with 32 cores, 128 GB of RAM, and an NVIDIA P100 GPU. However, you've observed that the model training process is taking an extended period. Your objective is to reduce the training time without compromising the model's performance. What steps should you take to achieve this?"
2026-10-11,2,"Entrenamiento, escalado y optimización",6,912,single_choice,Virtual machine instance | Instance group | Scaling | GPU attachment,Neural networks | TensorFlow | Keras | Model training | Distributed training | tf.distribute.Strategy | MultiWorkerMirroredStrategy | Data autosharing | High-precision arithmetic | GPU,Compute Engine,"You have created an extensive neural network using TensorFlow Keras, and it's anticipated to require several days for training. The model exclusively relies on TensorFlow's native operations and conducts training with high-precision arithmetic. Your objective is to enhance the code to enable distributed training through tf.distribute.Strategy. Additionally, you aim to configure an appropriate virtual machine instance within Compute Engine to reduce the overall training duration. What steps should you take to achieve this?"
2026-10-11,2,"Entrenamiento, escalado y optimización",7,719,single_choice,Distributed training | Model training,Deep learning | Distributed training | Model training | Keras,Cloud TPU,"After creating a deep learning model with Keras, you are now exploring various training strategies. Initially, you trained the model with a single GPU, however this was too slow. Then, you tried distributing the training over four GPUs with tf.distribute.MirroredStrategy, yet there was no improvement in training time. What can you do to speed up the process?"
2026-10-11,2,"Entrenamiento, escalado y optimización",8,741,single_choice,Custom training job | Worker pools | GPU accelerators,Transformer model | TensorFlow | Distributed training | Model training,Cloud Storage | Vertex AI,You developed a Transformer model in TensorFlow to translate text. Your training data includes millions of documents in a Cloud Storage bucket. You plan to use distributed training to reduce training time. You need to configure the training job while minimizing the effort required to modify code and to manage the cluster’s configuration. What should you do?
2026-10-11,2,"Entrenamiento, escalado y optimización",9,538,single_choice,Model training | Model optimization,Dataset splitting | Feature selection | Neural networks | Loss functions | Convergence | Overfitting | Regularization | L2 regularization | Model training,General,"You have a dataset that is split into training, validation, and test sets. All the sets have similar distributions. You have sub-selected the most relevant features and trained a neural network in TensorFlow. TensorBoard plots show the training loss oscillating around 0.9, with the validation loss higher than the training loss by 0.3. You want to update the training regime to maximize the convergence of both losses and reduce overfitting. What should you do?"
2026-10-11,2,"Entrenamiento, escalado y optimización",10,618,single_choice,Data ingestion | Data preprocessing | Model training | Model evaluation | Model storage | Model serving | Pipeline orchestration | Pipeline automation | Monitoring,Model training | Model evaluation | Data preprocessing | ML Pipelines | Model retraining | Model serving,Vertex AI Workbench | Cloud Storage | Kubeflow Pipelines SDK | Vertex AI Pipelines | Cloud Scheduler,"You've utilized Vertex AI Workbench notebooks to construct a TensorFlow model, and the notebook follows these steps: 1. Fetching data from Cloud Storage, 2. Employing TensorFlow Transform for data preprocessing, 3. Utilizing native TensorFlow operators to define a sequential Keras model, 4. Conducting model training and evaluation using model.fit() within the notebook instance, and 5. Storing the trained model in Cloud Storage for serving. Your objective is to orchestrate a weekly model retraining pipeline with minimal cost, refactoring, and monitoring efforts. How should you proceed to achieve this?"
2026-10-11,2,"Entrenamiento, escalado y optimización",11,888,single_choice,Training pipelines | Orchestration | Infrastructure management,Training pipelines | TensorFlow | Structured data | Data quality checks | Model quality assessments | Orchestration,TensorFlow Extended (TFX) | Vertex AI Pipelines,"As an ML engineer tasked with developing training pipelines for ML models, your objective is to establish a comprehensive training pipeline for a TensorFlow model. This model will undergo training using a substantial volume of structured data, amounting to several terabytes. To ensure the pipeline's effectiveness, you aim to incorporate data quality checks before training and model quality assessments after training, all while minimizing development efforts and the necessity for infrastructure management. How should you go about constructing and orchestrating this training pipeline?"
2026-10-11,2,"Entrenamiento, escalado y optimización",12,111,single_choice,Virtual machines | GPU-powered training,Computer vision | Model training | Optimizer | Batch size | Hyperparameters | Resource management,Google Compute Engine | GPU,"You are training a computer vision model to identify the type of government ID in images, using a GPU-powered virtual machine on Google Compute Engine. The training parameters include: - Optimizer: SGD, - Image shape: 224x224, - Batch size: 64, - Epochs: 10, - Verbose: 2. However, you encounter a ```ResourceExhaustedError: Out Of Memory (OOM) when allocating tensor``` during training. What steps should you take to resolve this issue?"
2026-10-11,2,"Entrenamiento, escalado y optimización",13,157,single_choice,User-managed notebooks | ML Pipelines | Feature Engineering | Model Lineage | Data Lineage | Automated Retraining | Scheduled Execution | Metadata Management,TensorFlow | Machine Learning Pipelines | Feature Engineering | Model Training | Data Lineage | Model Lineage | Automated Retraining | Experiment Tracking | Metadata Management,Vertex AI Workbench | Cloud Storage | Vertex AI Model Registry | Vertex AI SDK | Vertex ML Metadata,"You used Vertex AI Workbench user-managed notebooks to develop a TensorFlow model. The model pipeline accesses data from Cloud Storage, performs feature engineering and training locally, and outputs the trained model in Vertex AI Model Registry. The end-to-end pipeline takes 10 hours on the attached optimized instance type. You want to introduce model and data lineage for automated re-training runs for this pipeline only while minimizing the cost to run the pipeline. What should you do?"
2026-10-11,2,"Entrenamiento, escalado y optimización",14,812,single_choice,Model training | Performance optimization | Data pipeline,Deep learning | Model training | Performance optimization | Data input pipelines,Cloud TPU | TensorBoard,"You are training a large-scale deep learning model on a Cloud TPU. While monitoring the training progress through Tensorboard, you observe that the TPU utilization is consistently low and there are delays between the completion of one training step and the start of the next step. You want to improve TPU utilization and overall training performance. How should you address this issue?"
2026-10-11,2,"Entrenamiento, escalado y optimización",15,923,single_choice,Model training | Training job configuration | Custom tier | Master node,Image classification | CNN | Model training | Distributed training | Transfer learning | TensorFlow | MirroredStrategy,Vertex AI,"Your team is using a TensorFlow Inception-v3 CNN model pretrained on ImageNet for an image classification prediction challenge on 10,000 images. You will use Vertex AI to perform the model training. What TensorFlow distribution strategy and Vertex AI training job configuration should you use to train the model and optimize for wall-clock time?"
2026-10-11,2,"Entrenamiento, escalado y optimización",16,125,single_choice,Managed Training | Custom Containers | Distributed Training,Neural Networks | Model Training | Machine Learning Frameworks | Distributed Training,Vertex AI Training,"You've recently created a custom neural network that relies on essential dependencies unique to your organization's framework. Now, you want to train this model using a managed training service in Google Cloud. However, there's a challenge: the ML framework and its related dependencies aren't compatible with Vertex AI Training. Additionally, both your model and data exceed the capacity of a single machine's memory. Your preferred ML framework is designed around a distribution structure involving schedulers, workers, and servers. What steps should you take in this situation?"
2026-10-11,2,"Entrenamiento, escalado y optimización",17,178,multiple_choice,Model training | Performance profiling | TPU training,Model training | ResNet | Image classification | Data pipeline optimization | Input-bound bottleneck | tf.data | Prefetching | Interleaving,Vertex AI | Cloud TPU | Cloud TPU profiler,"You are using Vertex AI and TPUs to train a ResNet model for categorizing different defect types in automobile engines. After capturing the training profile with the Cloud TPU profiler plugin, you notice that the process is significantly input-bound. To alleviate this bottleneck and accelerate the training, which two modifications should you consider for the tf.data dataset? (Choose two options)"
2026-10-11,2,"Entrenamiento, escalado y optimización",18,371,single_choice,Distributed training | Worker pool configuration | Custom containers | Machine type selection | Accelerator configuration,Distributed training | Language modeling | Custom training | GPU training | Containerization,Vertex AI | Reduction Server,"You are training a custom language model for your company using a large dataset, and you plan to use the Reduction Server strategy on Vertex AI. You need to configure the worker pools for the distributed training job. What should you do?"
2026-10-11,2,"Entrenamiento, escalado y optimización",19,487,single_choice,Training pipelines | Pipeline orchestration | Model deployment,Training pipelines | TensorFlow | Structured data | Data quality checks | Model quality checks | Model deployment | Pipeline orchestration,TensorFlow Extended (TFX) | Vertex AI Pipelines,"As an ML engineer, developing and implementing training pipelines for ML models is your responsibility. To create an end-to-end training pipeline for a TensorFlow model, you have several terabytes of structured data to work with. To ensure quality, data quality checks need to be performed before training, as well as model quality checks after training and before deployment. To minimize development time and infrastructure maintenance, how should you construct and orchestrate your training pipeline?"
2026-10-11,2,"Entrenamiento, escalado y optimización",20,548,single_choice,Managed Training | Custom Containers | Distributed Training,Neural Networks | Model Training | Distributed Training | ML Frameworks,Vertex AI Training,"You recently designed and built a custom neural network that uses critical dependencies specific to your organization's framework. You need to train the model using a managed training service on Google Cloud. However, the ML framework and related dependencies are not supported by Al Platform Training. Also, both your model and your data are too large to fit in memory on a single machine. Your ML framework of choice uses the scheduler, workers, and servers distribution structure. What should you do?"
2026-10-11,2,"Entrenamiento, escalado y optimización",21,736,single_choice,Model training | TPU utilization,Model training | Batch size optimization | Resource utilization | Performance optimization,Cloud TPU,"You are in the midst of training an ML model on a sizable dataset, and you are utilizing a TPU (Tensor Processing Unit) to accelerate the training process. However, you've noticed that the training is proceeding slower than expected, and upon investigation, you've determined that the TPU is not fully utilizing its capacity. What actions should you take to address this issue?"
2026-10-11,2,"Entrenamiento, escalado y optimización",22,797,single_choice,Managed Training | Custom Containers | Distributed Training,Neural Networks | Model Training | Distributed Training | ML Frameworks,Vertex AI Training,"You recently designed and built a custom neural network that uses critical dependencies specific to your organization's framework. You need to train the model using a managed training service on Google Cloud. However, the ML framework and related dependencies are not supported by Vertex AI Training. Also, both your model and your data are too large to fit in memory on a single machine. Your ML framework of choice uses the scheduler, workers, and servers distribution structure. What should you do?"
2026-10-11,2,"Entrenamiento, escalado y optimización",23,860,multiple_choice,Custom training | Training job states | Training lifecycle,Custom training | Training lifecycle,Vertex AI,"You are working with Vertex AI, the managed ML Platform in GCP. You are dealing with custom training. You are looking and studying the job progresses during the training service lifecycle. Which of the following states are not correct?"
2026-10-11,2,"Entrenamiento, escalado y optimización",24,107,single_choice,Model training | Distributed training,Model training | Distributed training | Performance optimization | Data pipeline | GPUs,General,"You work as a Data Scientist in a Startup and work with several projects with Python and Tensorflow. You need to increase the performance of the training sessions. You already use caching and prefetching. So, now you want to use GPUs, but in a single machine, for cost reduction and experimentations. Which of the following is the correct strategy?"
2026-10-11,2,"Entrenamiento, escalado y optimización",25,261,single_choice,User-managed notebooks | Model deployment | Data splitting,Distributed training | XGBoost | Data splitting | Training | Validation | AUC ROC | Model performance | Data leakage,Vertex AI Workbench | BigQuery | Vertex AI,"You are experimenting with a built-in distributed XGBoost model in Vertex AI Workbench user-managed notebooks. You use BigQuery to split your data into training and validation sets using the following queries: ``` CREATE OR REPLACE TABLE `myproject.mydataset.training` AS (SELECT * FROM `myproject.mydataset.mytable` WHERE RAND() <= 0.8); CREATE OR REPLACE TABLE `myproject.mydataset.validation` AS (SELECT * FROM `myproject.mydataset.mytable` WHERE RAND() <= 0.2); ``` After training the model, you achieve an area under the receiver operating characteristic curve (AUC ROC) value of 0.8, but after deploying the model to production, you notice that your model performance has dropped to an AUC ROC value of 0.65. What problem is most likely occurring?"
2026-10-11,2,"Entrenamiento, escalado y optimización",26,265,single_choice,Hyperparameter Tuning job | Training configuration | Early stopping | Cost optimization,Hyperparameter Tuning | Early stopping | Objective metric | Cost optimization | Resource utilization,Vertex AI | Vertex AI Training,"A Machine Learning Engineer needs to run a Hyperparameter Tuning job for a large model on Vertex AI Training . To minimize costs, the engineer needs to ensure that training nodes that are not actively contributing to a promising trial are shut down quickly. Which training configuration strategy is the most effective for optimizing resource utilization and reducing the overall cost of the Hyperparameter Tuning job on Vertex AI?"
2026-10-11,2,"Entrenamiento, escalado y optimización",27,721,single_choice,Model training | Job submission | Scale tiers,LSTM | Text summarization | Model training | Hyperparameters | Training optimization | Accuracy,Vertex AI | gcloud,You are training an LSTM-based model on Vertex AI to summarize text using the following job submission script: ``` gcloud ai-platform jobs submit training $JOB_NAME \ --package-path $TRAINER_PACKAGE_PATH \ --module-name $MAIN_TRAINER_MODULE \ --job-dir $JOB_DIR \ --region $REGION \ --scale-tier basic \ -- \ --epochs 20 \ --batch_size=32 \ --learning_rate=0.001 ``` You want to ensure that training time is minimized without significantly compromising the accuracy of your model. What should you do?
2026-10-11,2,"Entrenamiento, escalado y optimización",28,760,single_choice,Distributed training | Training job | Horizontal scaling | Machine types,Distributed training | Language models | Memory management | Data loading | Training strategies,Vertex AI | Reduction Server,"You designed a 5-billion-parameter language model in TensorFlow Keras that used autotuned tf.data to load the data in memory. You created a distributed training job in Vertex AI with tf.distribute.MirroredStrategy , and set the large_model_v100 machine for the primary instance. The training job fails with the following error: ``` The replica 0 ran out of memory with a non-zero status of 9. ``` You want to fix this error without vertically increasing the memory of the replicas. What should you do?"
2026-10-11,2,"Entrenamiento, escalado y optimización",29,833,single_choice,Model training | Data preparation | Model deployment | Notebooks,Distributed training | XGBoost | Data splitting | Evaluation metrics | AUC ROC | Model deployment | Data leakage | Model performance,Vertex AI Workbench | BigQuery | Vertex AI,"Experimenting with a built-in distributed XGBoost model in Vertex AI Workbench user-managed notebooks, BigQuery was used to divide the data into training and validation sets using the following queries: ``` CREATE OR REPLACE TABLE `myproject.mydataset.training` AS (SELECT * FROM `myproject.mydataset.mytable` WHERE RAND() <= 0.8) ``` and ``` CREATE OR REPLACE TABLE `myproject.mydataset.validation` AS (SELECT * FROM `myproject.mydataset.mytable` WHERE RAND() <= 0.2) ``` Training the model showed an area under the receiver operating characteristic curve (AUC ROC) value of 0.8, however, after deploying the model to production, the AUC ROC value dropped to 0.65. What is the most likely cause of this?"
2026-10-11,2,"Entrenamiento, escalado y optimización",30,353,single_choice,Virtual Machine configuration | Model training,Model training | Debugging | Distributed training | TensorFlow,Compute Engine | NVIDIA P100 GPUs,You work with a team of researchers to develop state-of-the-art algorithms for financial analysis. Your team develops and debugs complex models in TensorFlow. You want to maintain the ease of debugging while also reducing the model training time. How should you set up your training environment?
2026-10-11,2,"Entrenamiento, escalado y optimización",31,412,single_choice,Hyperparameter tuning | Conditional hyperparameters | Hyperparameter tuning job,Regression | Linear regression | Deep neural network | Hyperparameters | Hyperparameter tuning | Training loss | Keras | Learning rate,Vertex AI,"You have developed a Python module using Keras to train a regression model with two architectures: linear regression and deep neural network (DNN). The module utilizes the training_method argument to select the architecture, and for the DNN, it includes learning_rate and num_hidden_layers as hyperparameters. You plan to employ Vertex AI's hyperparameter tuning service with a budget of 100 trials to determine the optimal model architecture and hyperparameter values that minimize training loss and enhance performance. How should you proceed?"
2026-10-11,2,"Entrenamiento, escalado y optimización",32,577,single_choice,Model training,Image classification | ResNet | Model training | Training optimization | Memory optimization | Mixed precision | Accuracy,Vertex AI | TPU,"You are in the process of creating an ML model that aims to classify X-ray images to assess the risk of bone fractures. You've already trained a ResNet model on Vertex AI using a TPU as an accelerator, but you're not satisfied with the training time and memory usage. Your goal is to rapidly iterate on the training code with minimal code modifications and without significantly affecting the model's accuracy. What steps should you take to achieve this?"
2026-10-11,2,"Entrenamiento, escalado y optimización",33,582,single_choice,Vertex AI pipeline | Data export | Preprocessing | Cost optimization | Pipeline caching | PipelineJob,Classification | Model training | Preprocessing | ML Pipelines,Vertex AI | BigQuery | Kubeflow,"You developed a Vertex AI pipeline that trains a classification model on data stored in a large BigQuery table. The pipeline has four steps, where each step is created by a Python function that uses the KubeFlow v2 API. The components have the following names: Export, Preprocess, Train, and Calibrate. Question You launch your Vertex AI pipeline as the following: ```python dt = datetime.now().strftime(""%Y%m%d%H%M%S"") # Loading components dynamically for every run export_op = components.load_component_from_file(f""export-{dt}.yaml"") preprocess_op = components.load_component_from_file(f""preprocess-{dt}.yaml"") train_op = components.load_component_from_file(f""train-{dt}.yaml"") calibrate_op = components.load_component_from_file(f""calibrate-{dt}.yaml"") # Defining the pipeline @dsl.pipeline(name=f""classification-pipeline-{dt}"") def pipeline(): export_task = export_op() preprocess_task = preprocess_op(export_task.output) train_task = train_op(preprocess_task.output) calibrate_task = calibrate_op(train_task.output) ``` Question You perform many model iterations by adjusting the code and parameters of the training step. You observe high costs associated with the development, particularly the data export and preprocessing steps. You need to reduce model development costs. What should you do?"
2026-10-11,2,"Entrenamiento, escalado y optimización",34,601,single_choice,Model training | Job submission | Infrastructure scaling,LSTM | Text summarization | Model training | Training optimization,Vertex AI,You are training an LSTM-based model on Al Platform to summarize text using the following job submission script: ``` gcloud ai-platform jobs submit training $JOB_NAME \ --package-path $TRAINER_PACKAGE_PATH \ --module-name $MAIN_TRAINER_MODULE \ --job-dir $JOB_DIR \ --region $REGION \ --scale-tier basic \ -- \ --epochs 20 \ --batch_size=32 \ --learning_rate=0.001 ``` You want to ensure that training time is minimized without significantly compromising the accuracy of your model. What should you do?
2026-10-11,2,"Entrenamiento, escalado y optimización",35,744,multiple_choice,Model training | AutoML training | Training parameters,Fraud detection | Model training | Classification | Recall | Score threshold | Training data | Data imbalance,Vertex AI | Vertex AI AutoML,"You are in the process of building a model aimed at identifying fraudulent credit card transactions, with a primary focus on enhancing detection capabilities since overlooking even a single fraudulent transaction could have serious consequences for the credit card holder. To train this model, you have employed Vertex AI AutoML, utilizing users' profile details and credit card transaction data. However, after the initial model training, you've observed that the model is falling short in detecting a significant number of fraudulent transactions. What modifications should you make to the training parameters in Vertex AI AutoML to enhance the model's performance? (Select two options.)"
2026-10-11,2,"Entrenamiento, escalado y optimización",36,295,single_choice,Model training | Hyperparameter tuning,Deep Learning | Neural Networks | Overfitting | Hyperparameter Tuning | L2 Regularization | Dropout | Model Training | Model Evaluation,Vertex AI,"You have trained a deep neural network model on Google Cloud. The model has low loss on the training data, but is performing worse on the validation data. You want the model to be resilient to overfitting. Which strategy should you use when retraining the model?"
2026-10-11,2,"Entrenamiento, escalado y optimización",37,570,single_choice,Vertex AI Training | Model training | Migration,Custom ML model | scikit-learn | Training | Training efficiency | NumPy | SciPy,Vertex AI | DLVM,"You've developed a custom ML model using scikit-learn, and you've encountered longer-than-expected training times. To address this issue, you've decided to migrate your model to Vertex AI Training, and you aim to enhance the model's training efficiency. What should be your initial approach to achieve this goal?"
2026-10-11,2,"Entrenamiento, escalado y optimización",38,650,single_choice,Custom training | Data storage | Custom containers | Startup time optimization,Model training | XGBoost | Containerization | Dependency management,Vertex AI | Cloud Storage,You need to train an XGBoost model on a small dataset. Your training code requires custom dependencies. You need to set up a Vertex AI custom training job. You want to minimize the startup time of the training job while following Google-recommended practices. What should you do?
2026-10-11,2,"Entrenamiento, escalado y optimización",39,707,multiple_choice,Model development | Model training | Model testing | Model deployment | Model retraining,Deep learning | Neural networks | ML lifecycle | Model development | Model training | Model testing | Model deployment | Model retraining | TensorFlow,Vertex AI,"You are starting to operate as a Data Scientist and are working on a deep neural network model with Tensorflow to optimize the level of customer satisfaction for after-sales services with the goal of creating greater client loyalty. You have to follow the entire lifecycle: model development, design, and training, testing, deployment, and retraining. You are looking for UI tools that can help you work and solve all issues faster. Which solutions can you adopt (pick 3)?"
2026-10-11,2,"Entrenamiento, escalado y optimización",40,768,single_choice,TPU training | Performance profiling | Data pipeline optimization,Object detection | Model training | Data preprocessing | Input pipeline optimization | Parallel processing | Prefetching,Cloud TPU,"You are currently in the process of training an object detection model utilizing a Cloud TPU v2, and you've noticed that the training duration is exceeding your initial expectations. To address this issue in a manner that is both cost-effective and efficient, what course of action should you pursue, as indicated by this simplified Cloud TPU profile trace?"
2026-10-12,2,"Entrenamiento, escalado y optimización",1,886,single_choice,Managed services | Cost-efficiency | ML pipelines | Model retraining,Operationalization | Model training | Data validation | Model analysis | Automation | Orchestration | Retraining | Keras,Vertex AI Pipelines | TensorFlow Extended (TFX),"You've been tasked with operationalizing a proof-of-concept ML model developed with Keras. This model was trained in a Jupyter notebook on a data scientist's local machine, which includes data validation and model analysis cells. Your goal is to automate and orchestrate these notebook steps for weekly retraining, considering an anticipated increase in training data volume. To optimize cost-efficiency and leverage managed services, what steps should you take?"
2026-10-12,2,"Entrenamiento, escalado y optimización",2,183,single_choice,Model training | Job submission | Resource allocation | Scale tiers,Model training | LSTM | Text summarization | Hyperparameters | Accuracy | Deep learning | Natural Language Processing,Vertex AI | gcloud,You are training an LSTM-based model on Google Cloud Vertex AI to summarize text. The job submission script is as follows: ```bash gcloud ai-platform jobs submit training $JOB_NAME \ --package-path $TRAINER_PACKAGE_PATH \ --module-name $MAIN_TRAINER_MODULE \ --job-dir $JOB_DIR \ --region $REGION \ --scale-tier basic \ -- \ --epochs 20 \ --batch_size=32 \ --learning_rate=0.001 \ ``` You want to ensure that training time is minimized without significantly compromising the accuracy of your model. What should you do?
2026-10-12,2,"Entrenamiento, escalado y optimización",3,193,single_choice,Distributed training | Cloud migration | Model training,Classification | Model training | Distributed training | TensorFlow,Vertex AI,"You are developing models to classify customer support emails. You created models with TensorFlow Estimators using small datasets on your on-premises system, but you now need to train the models using large datasets to ensure high performance. You will port your models to Google Cloud and want to minimize code refactoring and infrastructure overhead for easier migration from on-prem to cloud. What should you do?"
2026-10-12,2,"Entrenamiento, escalado y optimización",4,204,single_choice,Cloud migration | Distributed training | Model training,Classification | Model training | Distributed training | TensorFlow,Vertex AI,"As you develop models to classify customer support emails, you initially created TensorFlow Estimator models using small datasets on your local system. To enhance performance, you now plan to train these models with larger datasets. For a seamless transition of your models from on-premises to Google Cloud, with minimal code refactoring and infrastructure overhead, what approach should you take?"
2026-10-12,2,"Entrenamiento, escalado y optimización",5,210,single_choice,Model training | Training optimization,Model training | Scikit-learn | Hardware acceleration,Vertex AI,"You built a custom ML model using scikit-learn. Training time is taking longer than expected. You decide to migrate your model to Vertex AI Training, and you want to improve the model's training time. What should you try out first?"
2026-10-12,2,"Entrenamiento, escalado y optimización",6,289,single_choice,Data preprocessing | Model training | Data storage | Scalability | Low maintenance,Image classification | Data preprocessing | Model training | TFRecord | Sharding | TensorFlow,Cloud Storage | Dataflow | Vertex AI Training,"You need to use TensorFlow to train an image classification model. Your dataset is located in a Cloud Storage directory and contains millions of labeled images. Before training the model, you need to prepare the data. You want the data preprocessing and model training workflow to be as efficient, scalable, and low maintenance as possible. What should you do?"
2026-10-12,2,"Entrenamiento, escalado y optimización",7,430,single_choice,Model training | Model deployment | Model serving,TensorFlow | Language model | Pre-trained model | Fine-tuning | Offline accuracy | Online prediction latency | Model optimization | Post-training quantization,Vertex AI Training | Vertex AI,"You downloaded a TensorFlow language model pre-trained on a proprietary dataset by another company, and you tuned the model with Vertex AI Training by replacing the last layer with a custom dense layer. The model achieves the expected offline accuracy; however, it exceeds the required online prediction latency by 20ms. You want to optimize the model to reduce latency while minimizing the offline performance drop before deploying the model to production. What should you do?"
2026-10-12,2,"Entrenamiento, escalado y optimización",8,447,single_choice,Model training | Cost optimization | GPU acceleration | Scheduled training,Model retraining | Transfer learning | Image classification | Computer Vision,Vertex AI | Cloud Storage,"To minimize infrastructure costs, you should use a platform with components and a configuration environment that is suitable for retraining a pre-trained EfficientNet model for an image classifier based on a dataset of 20,000 images. The retraining process should be done daily. What components and configuration environment should be used for this purpose?"
2026-10-12,2,"Entrenamiento, escalado y optimización",9,460,single_choice,Managed pipelines | Custom training | Model registration | Pipeline scheduling,Model training | Model versioning | Lineage tracking | Model retraining | MLOps | Artifact tracking,Vertex AI Pipelines | Vertex AI | Vertex AI Model Registry | Cloud Scheduler | Cloud Run functions,You have recently developed a new ML model in a Jupyter notebook. You want to establish a reliable and repeatable model training process that tracks the versions and lineage of your model artifacts. You plan to retrain your model weekly. How should you operationalize your training process?
2026-10-12,2,"Entrenamiento, escalado y optimización",10,476,single_choice,Model training | Cloud migration | Scalability | Hardware acceleration,TensorFlow | Recommender models | Categorical features | Model training | Scalability | Embeddings,TPU VMs | TPUv3 Pod slices | TPUEmbedding API,"You're part of a rapidly growing social media company, where your team builds TensorFlow recommender models on an on-premises CPU cluster. With billions of historical user events and 100,000 categorical features in the data, you've observed increasing model training times as the data grows. Now, you're planning to migrate the models to Google Cloud and seek the most scalable approach that minimizes training time. What should you do?"
2026-10-12,2,"Entrenamiento, escalado y optimización",11,547,single_choice,Custom training | Custom containers | Data storage,Model training | XGBoost | Containerization,Vertex AI | Cloud Storage,"You need to train an XGBoost model on a small dataset and your training code has custom dependencies. To minimize the startup time of your training job, how should you configure your Vertex AI custom training job?"
2026-10-12,2,"Entrenamiento, escalado y optimización",12,671,single_choice,Virtual Machines | Model training,Computer Vision | Model training | Optimizer | Batch size | Epochs | Memory management | Hyperparameters,Compute Engine,You need to train a computer vision model that predicts the type of government ID present in a given image using a GPU-powered virtual machine on Compute Engine. You use the following parameters: · Optimizer: SGD · Image shape 224x224 · Batch size 64 · Epochs 10 · Verbose 2 During training you encounter the following error: ResourceExhaustedError: out of Memory (oom) when allocating tensor. What should you do?
2026-10-12,2,"Entrenamiento, escalado y optimización",13,826,single_choice,ML Pipelines | Model deployment | Model serving | Model monitoring | Skew detection,Data splitting | Feature engineering | Model training | Model validation | Model evaluation | Model retraining | Model monitoring | Training-serving skew,Vertex AI | Vertex AI Pipelines | Vertex AI Endpoints,"You are developing an ML model that predicts the cost of used automobiles based on data such as location, condition, model type, color, and engine/battery efficiency. The data is updated every night. Car dealerships will use the model to determine appropriate car prices. You created a Vertex AI pipeline that reads the data, splits the data into training/evaluation/test sets, performs feature engineering, trains the model using the training dataset, and validates the model using the evaluation dataset. You need to configure a retraining workflow that minimizes cost. What should you do?"
2026-10-12,2,"Entrenamiento, escalado y optimización",14,160,single_choice,Data pipeline | Model training | Model serving | Data ingestion,Preprocessing | Online predictions | Training-serving skew | Data transformations | Custom model development,BigQuery | TensorFlow Transform | Dataflow,You need to develop a custom TensorFlow model that will be used for online predictions. The training data is stored in BigQuery You need to apply instance-level data transformations to the data for model training and serving. You want to use the same preprocessing routine during model training and serving. How should you configure the preprocessing routine?
2026-10-12,2,"Entrenamiento, escalado y optimización",15,171,single_choice,Hyperparameter tuning | Hyperparameter scaling | Parallel trials,Deep learning | Hyperparameter tuning | Hyperparameters | Embedding dimension | Categorical features | Learning rate | Bayesian optimization | Model accuracy,Vertex AI,"You have recently created a proof-of-concept (POC) deep learning model. You are satisfied with the overall architecture, but you need to determine the value for a couple of hyperparameters. You want to perform hyperparameter tuning on Vertex AI to determine both the appropriate embedding dimension for a categorical feature used by your model and the optimal learning rate. You configure the following settings:  For the embedding dimension, you set the type to INTEGER with a minValue of 16 and maxValue of 64.  For the learning rate, you set the type to DOUBLE with a minValue of 10e-05 and maxValue of 10e-02. You are using the default Bayesian optimization tuning algorithm, and you want to maximize model accuracy. Training time is not a concern. How should you set the hyperparameter scaling for each hyperparameter and the maxParallelTrials?"
2026-10-12,2,"Entrenamiento, escalado y optimización",16,225,single_choice,Data storage | Custom training | Hyperparameter tuning,Image classification | Computer Vision | Model training | Supervised learning | Hyperparameter tuning,Cloud Storage | Vertex AI,"You are developing a model to identify traffic signs in images extracted from videos taken from the dashboard of a vehicle. You have a dataset of 100,000 images that were cropped to show one out of ten different traffic signs. The images have been labeled accordingly for model training, and are stored in a Cloud Storage bucket. You need to be able to tune the model during each training run. How should you train the model?"
2026-10-12,2,"Entrenamiento, escalado y optimización",17,277,single_choice,ML Pipelines | Notebook-based training | Experiment management | Logging parameters and metrics,Model training | Algorithms | Parameters | Datasets | Model performance | Metrics | Experiment tracking,Vertex AI Pipelines | Vertex AI Workbench | Vertex AI Experiments | Vertex AI SDK,"Your team is training a large number of ML models that use different algorithms, parameters, and datasets. Some models are trained in Vertex AI Pipelines, and some are trained on Vertex AI Workbench notebook instances. Your team wants to compare the performance of the models across both services. You want to minimize the effort required to store the parameters and metrics. What should you do?"
2026-10-12,2,"Entrenamiento, escalado y optimización",18,327,single_choice,Data pipeline | Model training | Model serving | Online predictions | Data storage,Model training | Online predictions | Data transformations | Preprocessing | Training-serving skew | Instance-level transformations,BigQuery | Dataflow | TensorFlow Transform,You need to develop a custom TensorFlow model for online predictions with training data stored in BigQuery. You want to apply instance-level data transformations to the data consistently during both model training and serving. How should you configure the preprocessing routine?
2026-10-12,2,"Entrenamiento, escalado y optimización",19,372,single_choice,Model training | Performance profiling | Input pipeline optimization,Object detection | Model training | Input pipeline optimization | Performance profiling | Data preprocessing,Cloud TPU,"Utilizing a Cloud TPU v2 to train an object detection model is taking longer than anticipated. Analyzing this simplified trace obtained through Cloud TPU profiling, what measure could be taken to cost-effectively reduce the training time?"
2026-10-12,2,"Entrenamiento, escalado y optimización",20,438,single_choice,Custom training | Data transformation | SQL queries,Custom training | TensorFlow | Sales prediction | Model experimentation | Data preprocessing | Min-max scaling | Bucketing | Feature engineering,BigQuery | Vertex AI,"You are part of a food product company, and your historical sales data is stored in BigQuery. Your task is to utilize Vertex AI's custom training service to train multiple TensorFlow models, leveraging the data from BigQuery to predict future sales. In preparation for model experimentation, you plan to implement a data preprocessing algorithm that involves min-max scaling and bucketing for a significant number of features. Your aim is to keep preprocessing time, costs, and development efforts to a minimum. How should you configure this workflow?"
2026-10-12,2,"Entrenamiento, escalado y optimización",21,483,single_choice,Custom training job | Feature engineering job | Workflow orchestration | Pipeline components,Feature engineering | Model training | MLOps | Scalability | Maintainability,Dataproc Serverless | Vertex AI | Kubeflow Pipelines SDK | Vertex AI Pipelines,"You've been assigned the task of deploying prototype code into a production environment. The feature engineering component is written in PySpark and operates on Dataproc Serverless, while model training is conducted using a Vertex AI custom training job. These two steps are currently disjointed, requiring manual execution of model training after the feature engineering phase concludes. Your objective is to establish a scalable and maintainable production workflow that seamlessly connects and tracks these steps. What should you do?"
2026-10-12,2,"Entrenamiento, escalado y optimización",22,485,single_choice,ML Pipelines | Custom training | WorkerPoolSpec | Resource allocation,Object detection | Model training | Image preprocessing | Training optimization,Vertex AI,You built a custom Vertex AI pipeline job that preprocesses images and trains an object detection model. The pipeline currently uses 1 n1-standard-8 machine with 1 NVIDIA Tesla V100 GPU. You want to reduce the model training time without compromising model accuracy. What should you do?
2026-10-12,2,"Entrenamiento, escalado y optimización",23,498,single_choice,Custom training | Serverless | Pipeline orchestration | Data processing,Feature engineering | Model training | ML Pipelines | Scalability | Maintainability,Dataproc Serverless | Vertex AI | Vertex AI Pipelines | Kubeflow Pipelines SDK,"You have been tasked with deploying prototype code to production. The feature engineering code is in PySpark and runs on Dataproc Serverless. The model training is executed by using a Vertex AI custom training job. The two steps are not connected, and the model training must currently be run manually after the feature engineering step finishes. You need to create a scalable and maintainable production process that runs end-to-end and tracks the connections between steps. What should you do?"
2026-10-12,2,"Entrenamiento, escalado y optimización",24,534,single_choice,Custom training | Pre-built containers | Packaging code | Custom machine types,Image recognition | Model training | Scaling training workload | Deep Learning | GPUs,Vertex AI,"While developing an image recognition model using PyTorch with the ResNet50 architecture, your code has been successfully tested on a small subsample using your local laptop. However, your full dataset consists of 200,000 labeled images, and you aim to efficiently scale your training workload while keeping costs low. You have access to 4 V100 GPUs. What steps should you take to achieve this?"
2026-10-12,2,"Entrenamiento, escalado y optimización",25,578,single_choice,Model training | Input pipeline optimization,Model training | GPU utilization | Input pipeline | Parallel interleave | Synchronous implementation | Performance optimization,General,"As you keep an eye on your model training and observe the GPU utilization, you come to realize that you're using a native synchronous implementation. Moreover, your training data is divided into several files, and you're eager to minimize the execution time of your input pipeline. What steps should you take to address this situation?"
2026-10-12,2,"Entrenamiento, escalado y optimización",26,641,single_choice,Model training | Input pipeline optimization | GPU usage,Model training | Input pipeline | Parallelism | Performance optimization | Data loading,General,"When observing the GPU usage of your model training, you observe you have a native synchronous version. The training data is divided into several files, and you are looking to decrease the execution time of your input pipeline. What is the best action to take?"
2026-10-12,2,"Entrenamiento, escalado y optimización",27,884,single_choice,Model training | Private networking | VPC Peering | Data security | Custom containers,Model training | Custom containers,Vertex AI | BigQuery | VPC | Private Service Access,An ML Engineer is configuring a new Vertex AI Training job. The training data resides in a private BigQuery dataset and must not traverse the public internet for security reasons. The training job is run using a custom container. What is the most secure and appropriate networking configuration to ensure the Vertex AI Training job can access the BigQuery data over Google’s private network backbone?
2026-10-12,2,"Entrenamiento, escalado y optimización",28,226,single_choice,Hyperparameter tuning | Conditional hyperparameters,Regression | Linear regression | Deep neural network | Hyperparameter tuning | Training loss | Model performance | Keras,Vertex AI,"You developed a Python module by using Keras to train a regression model. You developed two model architectures, linear regression and deep neural network (DNN), within the same module. You are using the training_method argument to select one of the two methods, and you are using the learning_rate and num_hidden_layers arguments in the DNN. You plan to use Vertex AI's hypertuning service with a budget to perform 100 trials. You want to identify the model architecture and hyperparameter values that minimize training loss and maximize model performance. What should you do?"
2026-10-12,2,"Entrenamiento, escalado y optimización",29,270,single_choice,Model training | Preemptible VMs | Cost optimization,TensorFlow | Model training | Model checkpointing | Predictive modeling,Vertex AI Workbench | Cloud TPU,"You are in the process of creating a TensorFlow model for a financial institution, which aims to predict the influence of consumer spending on global inflation. Given the large dataset and the need for extended training, with regular checkpoints, your organization has emphasized cost minimization. What hardware should you select for this task?"
2026-10-12,2,"Entrenamiento, escalado y optimización",30,365,single_choice,Model training | Infrastructure configuration | Resource scaling | Data storage,Transfer learning | Image classification | Model training | Computer Vision | Model retraining,Vertex AI | Cloud Storage,"You are using transfer learning to train an image classifier based on a pre-trained EfficientNet model. Your training dataset has 20,000 images. You plan to retrain the model once per day. You need to minimize the cost of infrastructure. What platform components and configuration environment should you use?"
2026-10-12,2,"Entrenamiento, escalado y optimización",31,509,multiple_choice,Cost optimization | Model training | Performance optimization | Preemptible VMs,Generative Adversarial Networks (GANs) | Model training | Performance profiling,Cloud TPU | Vertex AI | TensorBoard,"You work for a video game company. Your management came up with the idea of creating a game in which the characteristics of the characters were taken from those of the human players. You have been asked to generate not only the avatars but also the various visual expressions during the game actions. You are working with GAN – Generative Adversarial Network models, but the training is intensive and time-consuming. You want to increase the power of your training quickly, but your management wants to keep costs down. What solutions could you adopt (pick 3)?"
2026-10-12,2,"Entrenamiento, escalado y optimización",32,668,single_choice,Model training | AutoML | Training budget,Object detection | Bounding boxes | Dataset | Annotations | Optimization metric | Accuracy | Early stopping | Model training,Cloud Storage | Vertex AI,You need to train an object detection model to identify bounding boxes around Post-it Notes® in an image. Post-it Notes can have a variety of background colors and shapes. You have a dataset with 1000 images with a maximum size of 1.4MB and a CSV file containing annotations stored in Cloud Storage. You want to select a training method that reliably detects Post-it Notes of any relative size in the image and that minimizes the time to train a model. What should you do?
2026-10-12,2,"Entrenamiento, escalado y optimización",33,756,single_choice,Hyperparameter tuning | Hyperparameter scaling | Parallel trials,Deep learning | Hyperparameter tuning | Embedding dimension | Categorical features | Learning rate | Bayesian optimization | Accuracy,Vertex AI,"You have recently developed a proof-of-concept (POC) deep learning model, and while you are satisfied with the overall architecture, you need to fine-tune a couple of hyperparameters. Specifically, you want to perform hyperparameter tuning on Vertex AI to determine the optimal values for the embedding dimension of a categorical feature and the learning rate. Here are the configurations you have set: - For the embedding dimension, you have defined the type as INTEGER with a range from a minimum value of 16 to a maximum value of 64. - For the learning rate, you have defined the type as DOUBLE with a range from a minimum value of 10e-05 to a maximum value of 10e-02. You are utilizing the default Bayesian optimization tuning algorithm, and your primary goal is to maximize the accuracy of the model. Training time is not a significant concern. In this context, how should you configure the hyperparameter scaling for each hyperparameter, and what should be the setting for maxParallelTrials?"
2026-10-12,2,"Entrenamiento, escalado y optimización",34,849,single_choice,Hyperparameter tuning | Custom containers | Model training,Image classification | Hyperparameter tuning | Transfer learning | Model training,Vertex AI,Your data science team is training a PyTorch model for image classification based on a pre-trained RestNet model. You need to perform hyperparameter tuning to optimize for several parameters. What should you do?
2026-10-12,2,"Entrenamiento, escalado y optimización",35,869,single_choice,Model training | Data ingestion,Computer Vision | Model training | Data I/O optimization | TensorFlow | TFRecord,Cloud Storage | Vertex AI,You are developing an ML model to identify your company’s products in images. You have access to over one million images in a Cloud Storage bucket. You plan to experiment with different TensorFlow models by using Vertex AI Training. You need to read images at scale during training while minimizing data I/O bottlenecks. What should you do?
2026-10-12,2,"Entrenamiento, escalado y optimización",36,892,single_choice,Model training | Model migration,Model training | Training optimization | Scikit-learn | NumPy | SciPy,Vertex AI | Deep Learning VM Images,"To improve the training time of a custom ML model built using scikit-learn, it is advisable to migrate it to Vertex AI Training. What should be the first step to take in order to accomplish this goal?"
2026-10-12,2,"Entrenamiento, escalado y optimización",37,105,single_choice,Data storage | Model training | SQL,Linear regression | Overfitting | Regularization | Model training,BigQuery | BigQuery ML,You are working on a linear regression model with data stored in BigQuery. You have a view with many columns. You want to make some simplifications for your work and avoid overfitting. You are planning to use regularization. You are working with Bigquery ML and preparing the query for model training. You need an SQL statement that allows you to have all fields in the view apart from the label. Which one do you choose?
2026-10-12,2,"Entrenamiento, escalado y optimización",38,115,single_choice,Model training | Virtual machines | Hardware acceleration,Convolutional neural network (CNN) | Model training | Convergence | Manual device placement | Estimator,Deep Learning VM | Compute Engine | GPU,"Your team is in the process of developing a convolutional neural network (CNN)-based architecture from the ground up. Initial experiments conducted on your on-premises CPU-only infrastructure have shown promising results, but the model's convergence is slow. To expedite the model training process and shorten time-to-market, you are considering conducting experiments on Google Cloud virtual machines (VMs) equipped with more powerful hardware. It's important to note that your code doesn't involve manual device placement, and it hasn't been encapsulated within the Estimator model-level abstraction. Given this context, which environment should you choose for training your model?"
2026-10-12,2,"Entrenamiento, escalado y optimización",39,192,single_choice,Model training | Hardware acceleration,Deep Learning | Neural Networks | Model Training | TensorFlow | Matrix Computations,Cloud TPU | Compute Engine,"You are working on a deep neural network model with Tensorflow on a cluster of VMs for a Bank. Your model is complex, and you work with huge datasets with complex matrix computations. You have a big problem: your training jobs last for weeks. You are not going to deliver your project in time. Which is the best solution that you can adopt?"
2026-10-12,2,"Entrenamiento, escalado y optimización",40,269,single_choice,Model training pipeline | Distributed processing | Pipeline execution,Model training | Model evaluation | TensorFlow Model Analysis (TFMA),Vertex AI | Dataflow | TFX,"While executing a model training pipeline on Vertex AI, it has come to your attention that the evaluation step is encountering an out-of-memory error. Your current setup involves the use of TensorFlow Model Analysis (TFMA) within a standard Evaluator component of the TensorFlow Extended (TFX) pipeline for the evaluation process. Your objective is to address this issue and stabilize the pipeline's performance without compromising the quality of evaluation, all while keeping infrastructure overhead to a minimum. What course of action should you take?"
2026-10-13,2,"Entrenamiento, escalado y optimización",1,322,single_choice,Compute resources | Model training | Infrastructure configuration,Model training | Generative AI | Computer Vision | Quantization | Mixed precision training,Compute Engine,You need to train a ControlNet model with Stable Diffusion XL for an image editing use case. You want to train this model as quickly as possible. Which hardware configuration should you choose to train your model?
2026-10-13,2,"Entrenamiento, escalado y optimización",2,408,single_choice,Cost optimization | Model training | Preemptible VMs | Checkpointing | Container orchestration,Model training | Model performance | TensorFlow | GPU acceleration | Checkpointing,Vertex AI | Google Kubernetes Engine | Compute Engine,"As the head of a data science team at a large international corporation, I have been tasked with reviewing the team‘s spending. To reduce Google Cloud compute costs without sacrificing model performance, my team typically takes several weeks or months to refine a new version of a model, utilizing high-level TensorFlow APIs on Vertex AI with GPUs. What other strategies can I use to optimize our budget yet still ensure our models remain effective?"
2026-10-13,2,"Entrenamiento, escalado y optimización",3,455,single_choice,Model training pipeline | Data validation,Model training | Data validation | Schema anomalies | Training pipeline,TensorFlow Data Validation,"You have a model that is trained using data from a third-party data broker, and you are facing challenges because the data broker does not consistently inform you about formatting changes in the data. You aim to enhance the resilience of your model training pipeline to address such issues. What steps should you take?"
2026-10-13,2,"Entrenamiento, escalado y optimización",4,627,single_choice,Compute resources | GPU selection | Machine types | Cluster configuration,Deep learning | Model training | TensorFlow | Custom operations | Embeddings | Batch size | Weights,a2-megagpu-16g,"As a Machine Learning Engineer at a biotech startup, your team is dedicated to experimenting with deep learning models based on biological organisms. To achieve this, you are often required to construct custom TensorFlow operations in C++, as well as train your models on datasets with large batch sizes. Each example is approximately 1MB in size and the average size of a network including all weights and embeddings is 20GB; with a typical batch size of 1024 examples, what hardware is suitable for your models?"
2026-10-13,2,"Entrenamiento, escalado y optimización",5,690,single_choice,Cost optimization | Preemptible VMs | Hardware selection,TensorFlow | Model training | Checkpointing,Vertex AI Workbench | Compute Engine | Tensor Processing Unit (TPU),"In order to efficiently predict the effect of consumer spending on global inflation, a TensorFlow model is being built for a financial institution. The data is large and complex, thus the training process includes frequent checkpointing and is long-running across all kinds of hardware. With the objective to minimize cost, what hardware should be selected?"
2026-10-13,2,"Entrenamiento, escalado y optimización",6,732,single_choice,Model training | Model validation | Hyperparameter tuning | Model monitoring | ML Pipelines | Model deployment,AutoML | Model training | Model validation | Hyperparameter tuning | Model monitoring | MLOps | ML Pipelines,TensorFlow | AutoML | Vertex AI,"Your business makes excellent use of ML models. Many of these were developed with Tensorflow. But lately, you‘ve been making good use of AutoML to make your design work leaner, faster, and more efficient. You are looking for an environment that organizes and manages training, validation and tuning, and updating models with new data, distribution and monitoring in production. Which of these do you think is the best solution?"
2026-10-13,2,"Entrenamiento, escalado y optimización",7,786,single_choice,Model deployment | Model retraining,Model retraining | Churn prediction | Data drift | Distribution shift | Model monitoring,Vertex AI,You are creating a retraining policy for a customer churn prediction model deployed in Vertex AI. New training data is added weekly. You want to implement a model retraining process that minimizes cost and effort. What should you do?
2026-10-13,2,"Entrenamiento, escalado y optimización",8,834,single_choice,Hardware selection | Machine types | GPU | vCPUs | RAM,Deep learning | Model architectures | Model training | Large datasets | Batch sizes | Weights | Embeddings | TensorFlow,Compute Engine,"You are employed at a biotech startup focused on experimenting with deep learning ML models inspired by biological organisms. Your team frequently engages in early-stage experiments involving novel ML model architectures and develops custom TensorFlow operations in C++. Training your models involves large datasets and substantial batch sizes, with a typical batch comprising 1024 examples, each approximately 1 MB in size. Furthermore, the average size of a network, including all weights and embeddings, is 20 GB. In light of these requirements, which hardware should you select for your models?"
2026-10-13,2,"Entrenamiento, escalado y optimización",9,897,single_choice,Productionization | Pipeline orchestration | Managed services | Automated retraining | Data validation | Model analysis,Keras | Data validation | Model analysis | Model retraining | Orchestration | Automation,Vertex AI Pipelines | TensorFlow Extended (TFX),"In order to productionize a Keras-built ML proof-of-concept model, you have been tasked with orchestrating the steps in the Jupyter notebook containing the data validation and model analysis cells, while automating the weekly retraining process. As the amount of training data is expected to grow, you wish to take advantage of managed services while keeping costs to a minimum. How can you achieve this?"
2026-10-13,2,"Entrenamiento, escalado y optimización",10,934,single_choice,Custom training | Data preprocessing | Pipeline components | End-to-end training,Image classification | Preprocessing | Feature extraction | Model training,Vertex AI | Vertex AI Pipelines | Dataflow | Google Cloud Pipeline Components,"You are building a custom image classification model and plan to use Vertex AI Pipelines to implement the end-to-end training. Your dataset consists of images that need to be preprocessed before they can be used to train the model. The preprocessing steps include resizing the images, converting them to grayscale, and extracting features. You have already implemented some Python functions for the preprocessing tasks. Which components should you use in your pipeline?"
2026-10-13,2,"Entrenamiento, escalado y optimización",11,118,single_choice,Experiment tracking | Model comparison | Training visualization | Metrics analysis,Deep learning | Model architecture | Hyperparameter tuning | Experiment tracking | Metrics | Model analysis | Training optimization | Model comparison,Vertex AI Experiments | Vertex AI TensorBoard,"You are an ML researcher and are evaluating multiple deep learning-based model architectures and hyperparameter configurations. You need to implement a robust solution to track the progress of each model iteration, visualize key metrics, gain insights into model internals, and optimize training performance. You want your solution to have the most efficient and powerful approach to compare the models and have the strongest visualization abilities. How should you bull this solution?"
2026-10-13,2,"Entrenamiento, escalado y optimización",12,132,single_choice,Model training | Hardware acceleration,Convolutional Neural Network | Model training | Manual device placement | Estimator model-level abstraction,Deep Learning VM | Compute Engine | GPU,"Your team is constructing a Convolutional Neural Network (CNN) based architecture from the start. Initial tests on your on-premises CPU-only infrastructure were promising, however, progression was slow. To decrease time-to-market, you have been requested to quicken model training. You plan to try out VMs on Google Cloud to benefit from stronger hardware. Your code has not been equipped with any manual device placement and is not contained in Estimator model-level abstraction. What environment should be used to train your model?"
2026-10-13,2,"Entrenamiento, escalado y optimización",13,146,single_choice,Hyperparameter tuning job | Containerization | Notebooks | CLI,Model training | Evaluation metrics | RMSE | Hyperparameter tuning | Random Search | Model performance | Scalability | Reproducibility,Vertex AI Workbench | Vertex AI | Container Registry,"You trained a model in a Vertex AI Workbench notebook that has good validation RMSE. You defined 20 parameters with the associated search spaces that you plan to use for model tuning. You want to use a tuning approach that maximizes tuning job speed. You also want to optimize cost, reproducibility, model performance, and scalability where possible if they do not affect speed. What should you do?"
2026-10-13,2,"Entrenamiento, escalado y optimización",14,164,single_choice,Batch processing | Data pipeline | Model serving | Model deployment | Training-serving skew,Model training | Real-time inference | Data preprocessing | Training-serving skew | Data transformation,Dataflow,"You have trained a model using data that was preprocessed in a batch Dataflow pipeline, and now you need real-time inference while ensuring consistent data preprocessing between training and serving. What should you do?"
2026-10-13,2,"Entrenamiento, escalado y optimización",15,175,multiple_choice,Model training,Deep neural networks | Computer Vision | Model training | Model testing | Overfitting | Regularization | Model complexity,General,"An industrial company wants to improve its quality system. It has developed its own deep neural network model with Tensorflow to identify the semi-finished products to be discarded with images taken from the production lines in the various production phases. During training, your custom model converges, but the tests are giving unsatisfactory results. What do you think might be the problem, and how could you proceed to fix it (pick 3)?"
2026-10-13,2,"Entrenamiento, escalado y optimización",16,180,single_choice,Model training | Hyperparameter tuning,Neural networks | Batch training | Hyperparameter tuning | Optimization | Convergence,General,"During batch training of a neural network, you notice that there is an oscillation in the loss. How should you adjust your model to ensure that it converges?"
2026-10-13,2,"Entrenamiento, escalado y optimización",17,199,single_choice,Virtual machine | GPU-powered virtual machine,Computer vision | Model training | SGD | Image shape | Batch size | Epochs | Out of Memory (OOM),Compute Engine,"To train a computer vision model that predicts the type of government ID in an image using a GPU-powered virtual machine on Compute Engine, one should use the specified parameters: SGD as the optimizer, image shape of [224,224], batch size of 64, and 10 epochs with a verbose of 2. However, when running the model, an ‘Out of Memory (OOM)‘ error is encountered. What should be done in this situation to resolve the issue?"
2026-10-13,2,"Entrenamiento, escalado y optimización",18,292,single_choice,Model training | Batch prediction | Pipeline scheduling | ML pipelines | Data storage | Cost optimization,Machine learning | Model training | Batch inference | XGBoost | ML pipelines | Predictions,Vertex AI Workbench | Cloud Storage | Vertex AI Pipelines | Vertex AI,"The marketing team at your organization has expressed the need to send biweekly scheduled emails to customers who are anticipated to spend above a variable threshold. This marks the marketing team's first foray into machine learning (ML), and you've been assigned the responsibility of overseeing the implementation. To address this requirement, you initiated a new Google Cloud project and leveraged Vertex AI Workbench to craft a solution that involves model training and batch inference using an XGBoost model, utilizing transactional data stored in Cloud Storage. Your goal is to establish an end-to-end pipeline that seamlessly delivers predictions to the marketing team in a secure manner while also optimizing for cost-efficiency and minimizing the need for extensive code maintenance. What steps should you take to achieve this objective?"
2026-10-13,2,"Entrenamiento, escalado y optimización",19,545,single_choice,Model training | Model debugging,Deep Learning | Model Training | Model Debugging | Loss Functions | Model Evaluation,General,"You recently developed a deep learning model. To test your new model, you trained it for a few epochs on a large dataset. You observe that the training and validation losses barely changed during the training run. You want to quickly debug your model. What should you do first?"
2026-10-13,2,"Entrenamiento, escalado y optimización",20,602,multiple_choice,Hyperparameter tuning | Custom training,Deep Neural Network | Hyperparameter tuning | Computer Vision | Forecasting | Model training,Vertex AI,"Your team is preparing a Deep Neural Network custom model with Tensorflow in AI Platform that forecasts, based on diagnostic images, medical diagnoses. It is a complex and demanding job. You want to get help from GCP for hyperparameter tuning. What are the parameters that you must indicate (pick 2)?"
2026-10-13,2,"Entrenamiento, escalado y optimización",21,636,single_choice,Model development | Model training | Model deployment | Cost optimization,Model development | Model training | Model deployment | Data management | TensorFlow | Data formats,Google Cloud,"Your team works for a startup company with Google Cloud. You develop, train and deploy several ML models with Tensorflow. You use data in Parquet format and need to manage it both in input and output. You want the smoothest solution without adding infrastructure and keeping costs down. Which one of the following options do you follow?"
2026-10-13,2,"Entrenamiento, escalado y optimización",22,655,single_choice,Hyperparameter tuning | Custom containers,Image classification | Transfer learning | Hyperparameter tuning | Model training,Vertex AI,"Your data science team is in the process of training a PyTorch model for image classification, building upon a pre-trained ResNet model. To achieve optimal performance, you now find the need to conduct hyperparameter tuning for various parameters. What steps should you take in this scenario?"
2026-10-13,2,"Entrenamiento, escalado y optimización",23,691,single_choice,Model training | Hyperparameter tuning,Batch training | Neural networks | Optimization | Loss function | Convergence | Hyperparameters | Learning rate,General,"When conducting batch training of a neural network, one might discover an oscillation in the loss. To guarantee convergence, what modifications should be made to the model?"
2026-10-13,2,"Entrenamiento, escalado y optimización",24,693,single_choice,ML Pipelines | Continuous Training,Model retraining | Model evaluation | Continuous Training | MLOps | Performance threshold,BigQuery | Vertex AI Pipelines,"An ML Engineer needs to set up a system that automatically retrains a production model whenever new, verified ground truth data becomes available in a BigQuery table. The retraining must only proceed if the new model meets a minimum performance threshold defined by the evaluation component. Which architectural pattern, facilitated by Vertex AI Pipelines , best describes this requirement for continuous, performance-gated model updates?"
2026-10-13,2,"Entrenamiento, escalado y optimización",25,900,single_choice,Logging metrics | Vertex AI Python SDK,Classification | Model training | Model evaluation | Metrics | F1 score | Confusion matrix | Training set | Test set,Vertex AI,"You intend to migrate a scikit-learn classifier model to TensorFlow, planning to train the TensorFlow model using the same training set as the scikit-learn model. Subsequently, you aim to compare their performances using a common test set, logging the evaluation metrics of each model manually using the Vertex AI Python SDK, and comparing them based on their F1 scores and confusion matrices. How should you log the metrics?"
2026-10-13,2,"Entrenamiento, escalado y optimización",26,948,single_choice,Model training | Containerization | Custom machine types | GPU acceleration,Image recognition | Model training | Deep learning | Scalability | Computer vision,Vertex AI,"To quickly scale your training workload while minimizing cost, you are developing an image recognition model using PyTorch based on the ResNet50 architecture. Your code is functioning properly on a small subsample of your full dataset, which comprises 200k labeled images. To achieve this, you intend to leverage the power of four V100 GPUs. What steps should you take to make this a reality?"
2026-10-13,2,"Entrenamiento, escalado y optimización",27,113,multiple_choice,Hyperparameter tuning | ML pipeline | Training,Hyperparameter tuning | ML pipeline | Early stopping | Training,Vertex AI,"You have a fully operational end-to-end ML pipeline that includes hyperparameter tuning of your ML model using Vertex AI. However, the hyperparameter tuning process is taking longer than anticipated, causing delays in the downstream processes. You aim to expedite the tuning job without significantly sacrificing its effectiveness. What actions should you consider? (Choose two options)"
2026-10-13,2,"Entrenamiento, escalado y optimización",28,141,single_choice,Model development | Model training | CI/CD | Version control | Automation,Image segmentation | Model architecture | Model training | Benchmarking | Model retraining | Version control,Vertex AI | Cloud Build | Cloud Source Repositories,"To minimize costs and manual intervention while still having version control for your code, you should consider using Vertex AI for the development of ML models for image segmentation on CT scans. Keeping up with the latest research papers, you can update your model architectures and rerun training on the same dataset, allowing for benchmarking of performance. What strategy could you use to achieve this goal?"
2026-10-13,2,"Entrenamiento, escalado y optimización",29,150,single_choice,Training pipelines | Datasets | Model management | Inference environments | Endpoints,ML models | PyTorch | TensorFlow | Training pipelines | Datasets | Model management | Inference,BigQuery ML | Vertex AI,"Your company is a Financial Institution. You develop many ML models for all the business activities. You migrated to Google Cloud. Your models are developed with PyTorch, TensorFlow and BigQueryML. You are now working on an international project with other partners. You need to use the Vertex AI. You are asking experts which the capabilities of this managed suite of services are. Which elements are integrated into Vertex AI?"
2026-10-13,2,"Entrenamiento, escalado y optimización",30,182,single_choice,Model training,Classification | Time series | AUC ROC | Cross-validation | Hyperparameter tuning | Data leakage | Nested cross-validation | Model training | Evaluation,General,"Having conducted a few experiments using random cross-validation on a classification problem with time series data, a high Area Under the Receiver Operating Characteristic Curve (AUC ROC) of 99% was achieved on the training data, yet no sophisticated algorithms or hyperparameter tuning had been explored. What should be the next step to identify and address the issue?"
2026-10-13,2,"Entrenamiento, escalado y optimización",31,253,single_choice,Model development | Model training | Model deployment | Enterprise support,Model development | Model training | Model deployment | Deep learning,TensorFlow Enterprise,"Your team works for an international company with Google Cloud. You develop, train and deploy several ML models with Tensorflow. You use many tools and techniques and want to make your work leaner, faster, and more efficient. You would like engineer-to-engineer assistance from both Google Cloud and Google‘s TensorFlow teams. How is it possible? Which service?"
2026-10-13,2,"Entrenamiento, escalado y optimización",32,280,single_choice,Model training,Classification | Time series | AUC ROC | Metrics | Evaluation | Hyperparameter tuning | Data leakage | Nested cross-validation | Model training,General,You started working on a classification problem with time series data and achieved an area under the receiver operating characteristic curve (AUC ROC) value of 99% for training data after just a few experiments. You haven't explored using any sophisticated algorithms or spent any time on hyperparameter tuning. What should your next step be to identify and fix the problem?
2026-10-13,2,"Entrenamiento, escalado y optimización",33,282,single_choice,ML workflow | Experiment tracking | Metadata management | Training visualization | Model comparison,Model development | Training parameters | Metrics | Model evaluation | Model comparison,Vertex AI | Vertex ML Metadata | Vertex AI Experiments | Vertex AI TensorBoard,You work for a bank. You have been asked to develop an ML model that will support loan application decisions. You need to determine which Vertex AI services to include in the workflow. You want to track the model’s training parameters and the metrics per training epoch. You plan to compare the performance of each version of the model to determine the best model based on your chosen metrics. Which Vertex AI services should you use?
2026-10-13,2,"Entrenamiento, escalado y optimización",34,294,single_choice,Data distribution | Data splitting,NLP | Natural Language Processing | Data distribution | Data splitting | Training | Testing | Evaluation,General,"Your team is currently engaged in an NLP research project aimed at predicting the political affiliations of authors based on the articles they have authored. The training dataset for this project is extensive and structured as follows: ``` AuthorA:Political Party A TextA1: [SentenceA11, SentenceA12, SentenceA13, ...] TextA2: [SentenceA21, SentenceA22, SentenceA23, ...] … AuthorB:Political Party B TextB1: [SentenceB11, SentenceB12, SentenceB13, ...] TextB2: [SentenceB21, SentenceB22, SentenceB23, ...] … AuthorC:Political Party B TextC1: [SentenceC11, SentenceC12, SentenceC13, ...] TextC2: [SentenceC21, SentenceC22, SentenceC23, ...] … AuthorD:Political Party A TextD1: [SentenceD11, SentenceD12, SentenceD13, ...] TextD2: [SentenceD21, SentenceD22, SentenceD23, ...] … … ``` To maintain the standard 80%-10%-10% data distribution across the training, testing, and evaluation subsets, you should distribute the training examples as follows:"
2026-10-13,2,"Entrenamiento, escalado y optimización",35,307,single_choice,Cost optimization | Model training | Preemptible VMs | Checkpointing,Model training | Large-scale models | Checkpointing | Deep learning,Vertex AI | Google Kubernetes Engine | Kubeflow,You lead a data science team at a large international corporation. Most of the models your team trains are large-scale models using high-level TensorFlow APIs on Vertex AI with GPUs. Your team usually takes a few weeks or months to iterate on a new version of a model. You were recently asked to review your team’s spending. How should you reduce your Google Cloud compute costs without impacting the model’s performance?
2026-10-13,2,"Entrenamiento, escalado y optimización",36,452,multiple_choice,Model training | AutoML training,Fraud detection | Model performance | Score threshold | Classification,AutoML,"You are developing a model to detect fraudulent credit card transactions. You need to prioritize detection, because missing even one fraudulent transaction could severely impact the credit card holder. You used AutoML to tram a model on users' profile information and credit card transaction data After training the initial model, you notice that the model is failing to detect many fraudulent transactions. How should you adjust the training parameters in AutoML to improve model performance? (Choose two.)"
2026-10-13,2,"Entrenamiento, escalado y optimización",37,474,single_choice,Dataset management | Model training | Model deployment | Model serving | Model monitoring | Model retraining,Data labeling | Image classification | Model training | Model deployment | Model monitoring | Model retraining,AutoML | Vertex AI,You are an AI architect at a popular photo sharing social media platform. Your organization's content moderation team currently scans images uploaded by users and removes explicit images manually. You want to implement an AI service to automatically prevent users from uploading explicit images. What should you do?
2026-10-13,2,"Entrenamiento, escalado y optimización",38,546,single_choice,Model training | Scheduled training,Regression | Model training | Scalability,BigQuery ML,"As a data scientist at an industrial equipment manufacturing company, you are currently working on creating a regression model. This model aims to predict the power consumption in the company's manufacturing plants. The model utilizes sensor data gathered from all of the plants, and these sensors generate tens of millions of records daily. Your objective is to set up a daily training schedule for your model, utilizing all the data collected up to the current date. Additionally, you want the model to scale efficiently with minimal development effort. What steps should you take to achieve this?"
2026-10-13,2,"Entrenamiento, escalado y optimización",39,603,single_choice,Model training,Fraud detection | False positives | Optimization goal | AUC PR | Precision-recall curve | Model training,AutoML Tables,"As an employee of a credit card company, you have been tasked with constructing a customized fraud detection model based off of prior data using AutoML Tables. Your primary objective is to detect fraudulent transactions while minimizing the amount of false positives. To do so, which optimization goal should you employ when training the model?"
2026-10-13,2,"Entrenamiento, escalado y optimización",40,633,single_choice,Model training | Model evaluation,AUC ROC | Classification | Time series | Hyperparameter tuning | Data leakage | Nested cross-validation | Model training,General,"Having achieved an impressive AUC ROC value of 99% for training data on a classification problem with time series data, after only a few experiments, it is now time to identify and fix any potential problems. To do this, the next step should be to explore advanced algorithms and invest time in hyperparameter tuning. What other measures can be taken to ensure the model‘s success?"
2026-10-14,2,"Entrenamiento, escalado y optimización",1,637,single_choice,Regions and Zones | GPU availability | Resource management,Deep Learning | Semantic Image Segmentation | Model Training,Deep Learning VM Image | Compute Engine,"You are training a deep learning model for semantic image segmentation with reduced training time. While using a Deep Learning VM Image, you receive the following error: The resource ‘projects/deeplearning-platforn/zones/europe-west4-c/acceleratorTypes/nvidia-tesla-k80‘ was not found. What should you do?"
2026-10-14,2,"Entrenamiento, escalado y optimización",2,672,single_choice,Model optimization | Model deployment,Model optimization | Inference latency | Model accuracy | Quantization | TensorFlow | Mobile ML,General,"You hold the role of an ML engineer within a mobile gaming company. A fellow data scientist on your team has recently trained a TensorFlow model, and it falls upon you to integrate this model into a mobile application. However, you've encountered an issue where the current model's inference latency exceeds acceptable production standards. To rectify this, you aim to decrease the inference time by 50%, and you are open to a slight reduction in model accuracy to meet the latency requirement without initiating a new training process. In pursuit of this objective, what initial model optimization technique should you consider for latency reduction?"
2026-10-14,2,"Entrenamiento, escalado y optimización",3,697,single_choice,Model deployment | Model optimization,Model deployment | Inference latency | Model accuracy | Model optimization | Dynamic range quantization | TensorFlow,General,"You are an ML engineer at a mobile gaming company. A data scientist on your team recently trained a TensorFlow model, and you are responsible for deploying this model into a mobile application. You discover that the inference latency of the current model doesn't meet production requirements. You need to reduce the inference time by 50%, and you are willing to accept a small decrease in model accuracy in order to reach the latency requirement. Without training a new model, which model optimization technique for reducing latency should you try first?"
2026-10-14,2,"Entrenamiento, escalado y optimización",4,776,multiple_choice,Hyperparameter tuning | ML pipeline | Training,Hyperparameter tuning | Training | Early stopping | ML pipeline,Vertex AI,"You have a functioning end-to-end ML pipeline that involves tuning the hyper parameters of your ML model using Vertex AI, and then using the best-tuned parameters for training. Hyper tuning is taking longer than expected and is delaying the downstream processes. You want to speed up the tuning job without significantly compromising its effectiveness. Which actions should you take? (Choose two.)"
2026-10-14,2,"Entrenamiento, escalado y optimización",5,779,single_choice,Data validation | Model training,Regression | Model training | Data validation | Data quality | Missing data,General,"You are training a set of modes that should be simple, using regression techniques. During training, your model seems to work. But the tests are giving unsatisfactory results. You discover that you have several wrongs and missing data. You need a tool that helps you cope with them. Which of the following problems is not related to Data Validation?"
2026-10-14,2,"Entrenamiento, escalado y optimización",6,802,single_choice,Model training | Virtual machines | Hardware acceleration,Convolutional neural network (CNN) | Model training | Convergence | Manual device placement | Estimator model-level abstraction,Deep Learning VM | Compute Engine,"Your team is building a convolutional neural network (CNN)-based architecture from scratch. The preliminary experiments running on your on-premises CPU-only infrastructure were encouraging, but have slow convergence. You have been asked to speed up model training to reduce time-to-market. You want to experiment with virtual machines (VMs) on Google Cloud to leverage more powerful hardware. Your code does not include any manual device placement and has not been wrapped in Estimator model-level abstraction. Which environment should you train your model on?"
2026-10-14,2,"Entrenamiento, escalado y optimización",7,809,single_choice,Cost optimization | Model training | Preemptible VMs,Model training | TensorFlow | Checkpointing | Model performance,Vertex AI | Kubeflow | Google Kubernetes Engine,"You're in charge of a data science team within a large international corporation. Your team primarily develops large-scale models using high-level TensorFlow APIs on Vertex AI with GPUs. The typical iteration time for a new model version ranges from a few weeks to several months. Recently, there has been a request to assess and reduce your team's Google Cloud compute costs while ensuring that the model's performance remains unaffected. How can you achieve this cost reduction without compromising the model's quality?"
2026-10-14,2,"Entrenamiento, escalado y optimización",8,898,single_choice,Distributed training | Model migration | Infrastructure management,Classification | TensorFlow | Estimators | Distributed training,Vertex AI,"To obtain high performance, you are creating models to classify customer support emails using TensorFlow Estimators with small datasets on your on-premises system. To minimize code refactoring and infrastructure overhead when porting your models to the Google Cloud, what is the best approach to take?"
2026-10-14,2,"Entrenamiento, escalado y optimización",9,946,single_choice,Data storage | Performance optimization,Model training | TensorFlow | Data sharding | TFRecord | I/O performance | Structured data,Cloud Storage,You are training a TensorFlow model on a structured data set with 100 billion records stored in several CSV files. You need to improve the input/output execution performance. What should you do?
2026-10-14,2,"Entrenamiento, escalado y optimización",10,950,single_choice,Model training | Data pipeline,Deep Learning | Model training | Data processing | Input pipelines,General,"You work for a digital publishing website with an excellent technical and cultural level, where you have both famous authors and unknown experts who express ideas and insights. You, therefore, have an extremely demanding audience with strong interests that can be of various types. Users have a small set of articles that they can read for free every month. Then they need to sign up for a paid subscription. You have been asked to prepare an ML training model that processes user readings and article preferences. You need to predict trends and topics that users will prefer. But when you train your DNN with Tensorflow, your input data does not fit into RAM memory. What can you do in the simplest way?"
2026-10-14,2,"Entrenamiento, escalado y optimización",11,211,single_choice,Model training | Custom containers | Managed services,Model training | ML Frameworks,Vertex AI,"You oversee a team of data scientists who utilize a cloud-based backend system to submit training jobs. Managing this system has become challenging, and you aim to switch to a managed service. The data scientists on your team work with various frameworks, such as Keras, PyTorch, Theano, Scikit-learn, and custom libraries. What would be your recommended course of action?"
2026-10-14,2,"Entrenamiento, escalado y optimización",12,314,single_choice,Model training | Managed services,Model training | ML Frameworks,Vertex AI,"With your team of data scientists leveraging a cloud-based backend system to submit training jobs becoming increasingly complex to administer, you are considering utilizing a managed service to replace it. Your data scientists employ a variety of frameworks, including Keras, PyTorch, theano, scikit-learn, and bespoke libraries. What would be the best course of action?"
2026-10-14,2,"Entrenamiento, escalado y optimización",13,418,single_choice,Data storage,TensorFlow | Model training | Data sharding | TFRecords | I/O performance,Cloud Storage,"To enhance the input/output performance of a TensorFlow model trained on a structured dataset containing 100 billion records distributed among various CSV files, what steps can be taken?"
2026-10-14,2,"Entrenamiento, escalado y optimización",14,426,single_choice,Model training | Model export,Object detection | Computer vision | Model training | Model optimization | Inference,Vertex AI | AutoML Vision,"You are employed as an ML engineer at a social media company, and your current project involves creating a visual filter for users' profile photos. This entails training an ML model to identify bounding boxes around human faces. Your goal is to integrate this filter into your company's iOS-based mobile application with minimal code development while ensuring that the model is optimized for efficient inference on mobile devices. What steps should you take?"
2026-10-14,2,"Entrenamiento, escalado y optimización",15,457,single_choice,Data pipeline | Performance optimization,Computer vision | Image augmentation | Data processing pipeline | Model training | Performance optimization,General,"You are a member of the AI team at an automotive company, and your current project involves building a visual defect detection model using TensorFlow and Keras. To enhance the performance of your model, you intend to integrate various image augmentation techniques, including translation, cropping, and contrast adjustments. These augmentation methods will be applied randomly to each training batch. Your objective is to optimize the data processing pipeline for both runtime efficiency and efficient utilization of computational resources. What steps should you take to achieve this goal?"
2026-10-14,2,"Entrenamiento, escalado y optimización",16,541,single_choice,Custom containers | Model training | Managed services,Model training | ML Frameworks,Vertex AI,"Managing a team of data scientists who use a complex cloud-based backend to submit training jobs has become a difficult task. To alleviate this, a managed service should be implemented. The data scientists employ a variety of frameworks, for instance, Keras, PyTorch, theano, Scikit-learn, and custom libraries. What is the best solution to manage this situation?"
2026-10-14,2,"Entrenamiento, escalado y optimización",17,580,single_choice,Model training,Fraud detection | Classification | Probability threshold | Recall | Model training,AutoML,"You are developing a model to detect fraudulent credit card transactions. You need to prioritize detection, because missing even one fraudulent transaction could severely impact the credit card holder. You used AutoML to train a model on users' profile information and credit card transaction data. After training the initial model, you notice that the model is failing to detect many fraudulent transactions. How should you increase the number of fraudulent transactions that are detected?"
2026-10-14,2,"Entrenamiento, escalado y optimización",18,657,single_choice,Model training | Managed services | Custom containers,Model training | ML Frameworks,Vertex AI,"You manage a team of data scientists who use a cloud-based backend system to submit training jobs. This system has become very difficult to administer, and you want to use a managed service instead. The data scientists you work with use many different frameworks, including Keras, PyTorch, theano. Scikit-team, and custom libraries. What should you do?"
2026-10-14,2,"Entrenamiento, escalado y optimización",19,664,single_choice,Model training | Data pipeline | Data validation,Data validation | Schema detection | MLOps | Training pipeline | Data quality,General,One of your models is trained using data provided by a third-party data broker. The data broker does not reliably notify you of formatting changes in the data. You want to make your model training pipeline more robust to issues like this. What should you do?
2026-10-14,2,"Entrenamiento, escalado y optimización",20,673,single_choice,Model development | Model training | Model deployment,Model development | Model training | Model deployment | Image recognition | Computer Vision | R-CNN | Object detection | Transfer learning | Pre-trained models,Google Cloud Platform | TensorFlow Hub,"Your team works for an international company with Google Cloud. You develop, train and deploy different ML models. You use a lot of tools and techniques and you want to make your work leaner, faster and more efficient. Now you have the problem that you have to create a model for recognizing photographic images related to collaborators and consultants. You have to do it quickly, and it has to be an R-CNN model. You don‘t want to start from scratch. So you are looking for something that can help you and that can be optimal for the GCP platform. Which of these tools do you think can help you?"
2026-10-14,2,"Entrenamiento, escalado y optimización",21,713,single_choice,Distributed training,Distributed computing | Model training | Parallel processing,General,What is the primary purpose of using distributed computing in machine learning?
2026-10-14,2,"Entrenamiento, escalado y optimización",22,752,single_choice,Custom training | Batch prediction | Lineage tracking | Pipeline components,Model training | MLOps | Lineage tracking | Batch prediction,Vertex AI | Vertex AI Pipelines,You are developing a process for training and running your custom model in production. You need to be able to show lineage for your model and predictions. What should you do?
2026-10-14,2,"Entrenamiento, escalado y optimización",23,782,single_choice,ML Automation | Model retraining,Deep learning | Tensorflow | Model retraining | Model drift | Automation | Accuracy,Vertex AI | TFX | Analytics 360,"Your company runs an e-commerce site. You produced static deep learning models with Tensorflow that process Analytics-360 data. They have been in production for some time. Initially, they gave you excellent results, but gradually, the accuracy has progressively decreased. You retrained the models with the new data and solved the problem. At this point, you want to automate the process using the Google Cloud environment. Which of these solutions allows you to quickly reach your goal?"
2026-10-14,2,"Entrenamiento, escalado y optimización",24,804,single_choice,Model development | Model training | CI/CD | Automation | Cost optimization | Version control,Image segmentation | Model training | Benchmarking | Version control | MLOps,Vertex AI | Cloud Build | Cloud Source Repositories,"You are developing ML models with Al Platform for image segmentation on CT scans. You frequently update your model architectures based on the newest available research papers, and have to rerun training on the same dataset to benchmark their performance. You want to minimize computation costs and manual intervention while having version control for your code. What should you do?"
2026-10-14,2,"Entrenamiento, escalado y optimización",25,855,single_choice,Model training | Model export | Edge deployment,Object detection | Computer Vision | Model training | Model optimization | Inference | Mobile ML,AutoML Vision,"As a Machine Learning Engineer at a social media company, I am developing a visual filter for users‘ profile photos. This necessitates training an ML model to recognize bounding boxes around human faces. In order to reduce code development and optimize the model for inference on mobile phones, what should I do to achieve this goal for my company‘s iOS-based mobile phone application?"
2026-10-14,2,"Entrenamiento, escalado y optimización",26,857,single_choice,Scheduled Queries | Model Monitoring | Data Analysis,Recommendation Systems | Evaluation Metrics | Model Performance | Model Retraining | Model Drift,BigQuery,"You are employed by an online publisher that distributes news articles to a vast audience of over 50 million readers. As part of your responsibilities, you have developed an AI model designed to make content recommendations for the company's weekly newsletter. A recommendation is deemed successful if the recipient opens the recommended article within two days of the newsletter's publication date and spends at least one minute on the page. To calculate the success metric, you have access to all the necessary data in BigQuery, which is updated on an hourly basis. Your model has been trained using data spanning eight weeks, with the observation that its performance tends to decline below an acceptable baseline after five weeks. Additionally, the model's training process requires 12 hours to complete. Your primary objective is to ensure that the model consistently performs above the acceptable baseline while optimizing operational costs. Given this scenario, what approach should you adopt to monitor the model effectively and determine when it is necessary to initiate retraining?"
2026-10-14,2,"Entrenamiento, escalado y optimización",27,883,single_choice,Model training,Deep Neural Networks | Regression | Keras | Trainable weights | Model training,General,"You are going to train a DNN regression model with Keras APIs using this code: ``` model = tf.keras.Sequential() model.add(tf.keras.layers.Dense(256, use_bias=True, activation='relu', kernel_initializer=None, kernel_regularizer=None, input_shape=(500,))) model.add(tf.keras.layers.Dropout(rate=0.25)) model.add(tf.keras.layers.Dense(128, use_bias=True, activation='relu', kernel_initializer='uniform', kernel_regularizer='l2')) model.add(tf.keras.layers.Dropout(rate=0.25)) model.add(tf.keras.layers.Dense(2, use_bias=False, activation='softmax')) model.compile(loss='mse') ``` How many trainable weights does your model have? (The arithmetic below is correct.)"
2026-10-14,2,"Entrenamiento, escalado y optimización",28,106,single_choice,Data pipeline | Data preprocessing,Model training | Performance profiling | Data pipeline | TFRecord | TensorFlow,Cloud Storage,You are profiling the performance of your TensorFlow model training time and notice a performance issue caused by inefficiencies in the input data pipeline for a single 5 terabyte CSV file dataset on Cloud Storage. You need to optimize the input pipeline performance. Which action should you try first to increase the efficiency of your pipeline?
2026-10-14,2,"Entrenamiento, escalado y optimización",29,184,single_choice,Model deployment | Model serving,Deep Neural Networks | Regression | Model training | Model performance | Serving latency | Quantization | Floating point precision | TensorFlow,General,"You have created a DNN regressor with TensorFlow to predict housing prices using a set of predictive features. The model has been trained using the default precision of tf.float64 and the standard TensorFlow estimator. Performance is satisfactory, but prior to deployment there is a requirement to reduce the model‘s serving latency from 10 ms @ 90 percentile to 8 ms @ 90 percentile. To meet this requirement, while still ensuring minimal decrease in model performance, the first step should be to identify how to quickly lower the serving latency. What should you try first? ``` estimator = tf.estimator.DNNRegressor( feature_columns=[YOUR_LIST_OF_FEATURES], hidden_units=[1024, 512, 256], dropout=None ) ```"
2026-10-14,2,"Entrenamiento, escalado y optimización",30,255,single_choice,Hyperparameter tuning | Custom containers,PyTorch | Image classification | ResNet | Hyperparameter tuning | Transfer learning,Vertex AI,"To optimize the PyTorch model that your data science team is utilizing for image classification based on a pre-trained RestNet model, hyperparameter tuning needs to be done. What approach should you take to accomplish this?"
2026-10-14,2,"Entrenamiento, escalado y optimización",31,258,single_choice,Model training | Model deployment | Data privacy | Security,Biometric authentication | Federated learning | Model training | Model deployment | Data privacy | Privacy-preserving machine learning,General,"As an ML engineer at a bank responsible for developing an ML-based biometric authentication system for the mobile application, you've been tasked with verifying a customer's identity based on their fingerprint. Fingerprints are considered highly sensitive personal information and cannot be downloaded and stored in the bank's databases. What machine learning strategy should you suggest for training and deploying this ML model?"
2026-10-14,2,"Entrenamiento, escalado y optimización",32,319,multiple_choice,Model training | Bias mitigation,Fairness | Bias | Data imbalance | Model training | Cost-sensitive learning | Oversampling | Sample weighting,General,"Having recently launched an ML model, after three months it was observed that it was not performing well on specific subgroups, which could lead to biased results. It is hypothesized that this inequitable performance is caused by imbalances in the training data, for which additional data cannot be collected. What is the best approach to address this issue? (Select two solutions.)"
2026-10-14,2,"Entrenamiento, escalado y optimización",33,348,single_choice,Data preparation | Model training,Neural Networks | Data preparation | Gradient optimization | Normalization | Feature scaling,General,"You are working on a Neural Network-based project. The dataset provided to you has columns with different ranges. While preparing the data for model training, you discover that gradient optimization is having difficulty moving weights to a good solution. What should you do?"
2026-10-14,2,"Entrenamiento, escalado y optimización",34,394,single_choice,Model training | Scheduling | Scalability,Regression | Model training | AutoML | Scalability,AutoML Tables,"As a data scientist at an industrial equipment manufacturing company, I am developing a regression model to anticipate the power consumption in the organization‘s manufacturing plants based on sensor data collected from all of the plants. These sensors accumulate tens of millions of records daily, necessitating the scheduling of daily training runs for the model that include all data collected up to the present date. To ensure the model scales efficiently and requires minimal development effort, what should I do?"
2026-10-14,2,"Entrenamiento, escalado y optimización",35,448,single_choice,Model training | AutoML,Fraud detection | Optimization objective | False positives | Area under the precision-recall curve (AUC PR) | Classification,Vertex AI | AutoML Tables,"You're employed at a credit card company and have been assigned the task of developing a custom fraud detection model using Vertex AI AutoML Tables, leveraging historical data. Your primary goal is to enhance the detection of fraudulent transactions while keeping false positives to a minimum. What optimization objective should you select when training the model?"
2026-10-14,2,"Entrenamiento, escalado y optimización",36,465,single_choice,Hyperparameter tuning | Model training,Deep Learning | Neural Networks | TensorFlow | Hyperparameter tuning | Learning rate | Model convergence,General,"You are a junior Data Scientist and working on a deep neural network model with Tensorflow to optimize the level of customer satisfaction for after-sales services to create greater client loyalty. You are struggling with your model (learning rates, hidden layers and nodes selection) for optimizing processing and letting it converge in the fastest way. What is your problem in ML language?"
2026-10-14,2,"Entrenamiento, escalado y optimización",37,525,single_choice,Model development | Notebook instances | Model training,Churn prediction | Classification | Model interpretability | Random Forest | Feature importance | Model training,Vertex AI Workbench,You work for a retail company. You have been tasked with building a model to determine the probability of churn for each customer. You need the predictions to be interpretable so the results can be used to develop marketing campaigns that target at-risk customers. What should you do?
2026-10-14,2,"Entrenamiento, escalado y optimización",38,596,single_choice,Data preparation | Model training,Neural Networks | Data preparation | Gradient optimization | Convergence | Normalization | Representation transformation,General,"You're involved in a project that utilizes Neural Networks. The dataset you've been given contains columns with varying ranges. During the data preparation process for model training, you observe that gradient optimization is struggling to converge to a favorable solution. What is the recommended action to take?"
2026-10-14,2,"Entrenamiento, escalado y optimización",39,626,single_choice,Model training,Classification | Time series | Cross-validation | Metrics | AUC ROC | Hyperparameter tuning | Data leakage,General,"You are working on a classification problem with time series data. After conducting just a few experiments using random cross-validation, you achieved an Area Under the Receiver Operating Characteristic Curve (AUC ROC) value of 99% on the training data. You haven't explored using any sophisticated algorithms or spent any time on hyperparameter tuning. What should your next step be to identify and fix the problem?"
2026-10-14,2,"Entrenamiento, escalado y optimización",40,715,single_choice,Model development | Model training | Scheduling,Regression | Model training | Scalability | Scheduling,BigQuery ML,You are a data scientist at an industrial equipment manufacturing company. You are developing a regression model to estimate the power consumption in the company’s manufacturing plants based on sensor data collected from all of the plants. The sensors collect tens of millions of records every day. You need to schedule daily training runs for your model that use all the data collected up to the current date. You want your model to scale smoothly and require minimal development work. What should you do?
2026-10-15,2,"Entrenamiento, escalado y optimización",1,729,single_choice,Hyperparameter tuning | Model training | ML architecture,Hyperparameter tuning | Model training | ML architecture,General,When is hyper parameter tuning typically performed in the process of architecture an ML solution?
2026-10-15,2,"Entrenamiento, escalado y optimización",2,874,single_choice,AutoML | Model training,Fraud detection | Classification | Optimization objective | Evaluation metrics | AUC PR | Precision | Recall | False positives,AutoML Tables,You work for a credit card company and have been asked to create a custom fraud detection model based on historical data using Auto ML Tables. You need to prioritize detection of fraudulent transactions while minimizing false positives. Which optimization objective should you use when training the model?
2026-10-15,2,"Entrenamiento, escalado y optimización",3,878,single_choice,Model training pipeline | Data validation,Model training pipeline | Data validation | Data quality | Schema detection,General,"To ensure the robustness of your model training pipeline, given the unreliable notifications from the third-party data broker regarding formatting changes in the data, what could you do?"
2026-10-15,2,"Entrenamiento, escalado y optimización",4,889,single_choice,Model retraining | Scheduled queries | Cost optimization,Linear regression | Model retraining,BigQuery ML | BigQuery,You've developed a model utilizing BigQuery ML for linear regression and aim to retrain it weekly with the cumulative data while minimizing both development effort and scheduling costs. What approach should you take?
2026-10-15,2,"Entrenamiento, escalado y optimización",5,944,single_choice,Model training | Model evaluation,Classification | TensorFlow | Data splitting | Cross-validation | Model evaluation,General,"You are a junior Data Scientist, and you need to create a new classification Machine Learning model with Tensorflow. You have a limited set of data on which you build your model. You know the rule to create training, test and validation datasets, but you‘re afraid you won‘t have enough to make something satisfying. Which solution is the best one?"
2026-10-15,2,"Entrenamiento, escalado y optimización",6,951,single_choice,Model training | Model export | Edge inference,Object detection | Computer vision | Model training | Edge inference | Model optimization,AutoML Vision,"You work as an ML engineer at a social media company, and you are developing a visual filter for users' profile photos. This requires you to train an ML model to detect bounding boxes around human faces. You want to use this filter in your company's iOS-based mobile phone application. You want to minimize code development and want the model to be optimized for inference on mobile phones. What should you do?"
2026-10-15,2,"Entrenamiento, escalado y optimización",7,300,single_choice,Data pipeline | Model training,Image classification | Multi-class classification | Loss functions | Categorical cross-entropy | Imbalanced datasets | Model training,General,"Your team needs to build a model that predicts whether images contain a driver's license, passport, or credit card. The data engineering team already built the pipeline and generated a dataset composed of 10,000 images with driver's licenses, 1,000 images with passports, and 1,000 images with credit cards. You now have to train a model with the following label map: ['driverslicense', 'passport', 'credit_card']. Which loss function should you use?"
2026-10-15,2,"Entrenamiento, escalado y optimización",8,312,single_choice,Model deployment | Model serving | Explainable AI | Feature attribution,Predictive modeling | Training | Feature attribution | Explainability | Sampled Shapley method,Vertex AI | Vertex Explainable AI,"You are employed by a magazine distribution company, and your task is to develop a predictive model for identifying customers who will renew their subscriptions for the upcoming year. You have utilized your company's historical data as the training dataset and have built a TensorFlow model, deploying it on Vertex AI. Now, your objective is to identify the most influential customer attribute for each prediction generated by the model. How should you proceed?"
2026-10-15,2,"Entrenamiento, escalado y optimización",9,328,single_choice,Data labeling | Model training | Model deployment,Object detection | Data labeling | Model training | Model deployment,Google Cloud’s Data Labelling Service | AutoML Object Detection,"You need to build an object detection model for a small startup company to identify if and where the company’s logo appears in an image. You were given a large repository of images, some with logos and some without. These images are not yet labelled. You need to label these pictures, and then train and deploy the model. What should you do?"
2026-10-15,2,"Entrenamiento, escalado y optimización",10,334,single_choice,Data preparation | Model training | Handling imbalanced datasets,Classification | Class imbalance | Model training | Model convergence | Downsampling | Upweighting,General,"You were asked to investigate failures of a production line component based on sensor readings. After receiving the dataset, you discover that less than 1% of the readings are positive examples representing failure incidents. You have tried to train several classification models, but none of them converge. How should you resolve the class imbalance problem?"
2026-10-15,2,"Entrenamiento, escalado y optimización",11,376,single_choice,Model deployment | Model serving | Model explainability | Online prediction,Binary classification | Model training | Feature importance | Explainable AI | Feature attribution | Shapley values,Vertex AI | AI Explanations,"As a magazine distributor, you require a model that can accurately predict which customers will renew their subscriptions for the upcoming year. To achieve this, you have employed a TensorFlow model and deployed it on Vertex AI, using your company‘s past data as the training set. To determine which customer attribute has the most predictive power influencing each prediction the model serves, what should you do?"
2026-10-15,2,"Entrenamiento, escalado y optimización",12,431,single_choice,Model training | Model development,Object detection | Computer vision | Model training | Model development,Vertex AI | Vertex AI,You need to develop and train a model capable of analyzing snapshots taken from a moving vehicle and detecting if obstacles arise. Your work environment is an Vertex AI. Which technique or algorithm do you think is best to use?
2026-10-15,2,"Entrenamiento, escalado y optimización",13,432,single_choice,Model retraining | Scheduled queries,Linear regression | Model retraining,BigQuery ML | BigQuery,You created a model that uses BigQuery ML to perform linear regression. You need to retrain the model on the cumulative data collected every week. You want to minimize the development effort and the scheduling cost. What should you do?
2026-10-15,2,"Entrenamiento, escalado y optimización",14,563,single_choice,Model training | Model deployment | Data privacy,Federated learning | Biometric authentication | Model training | Model deployment,General,You are an ML engineer at a bank that has a mobile application. Management has asked you to build an ML-based biometric authentication for the app that verifies a customer's identity based on their fingerprint. Fingerprints are considered highly sensitive personal information and cannot be downloaded and stored into the bank databases. Which learning strategy should you recommend to train and deploy this ML model?
2026-10-15,2,"Entrenamiento, escalado y optimización",15,595,single_choice,Model training | AutoML,Object detection | Computer vision | Supervised learning | Model training,Vertex AI | AutoML,You work for an auto insurance company. You are preparing a proof-of-concept ML application that uses images of damaged vehicles to infer damaged parts. Your team has assembled a set of annotated images from damage claim documents in the company’s database. The annotations associated with each image consist of a bounding box for each identified damaged part and the part name. You have been given a sufficient budget to train models on Google Cloud. You need to quickly create an initial model. What should you do?
2026-10-15,2,"Entrenamiento, escalado y optimización",16,678,single_choice,Model training | Model deployment,Cosine similarity | Recommendation systems | Product affinity | Model training | Model deployment,General,Your company produces and sells a lot of different products. You work as a Data Scientist. You train and deploy several ML models. Your manager just asked you to find a simple method to determine affinities between different products and categories to give sellers and applications a wider range of suitable offerings for customers. The method should give good results even without a great amount of data. Which of the following different techniques may help you better?
2026-10-15,2,"Entrenamiento, escalado y optimización",17,680,single_choice,Model deployment | Model serving | Model explainability,Predictive modeling | Feature importance | Explainable AI | Feature attribution | Shapley values | Model training,Vertex AI | Vertex Explainable AI,"You work for a magazine distributor and need to build a model that predicts which customers will renew their subscriptions for the upcoming year. Using your company’s historical data as your training set, you created a TensorFlow model and deployed it to Vertex AI. You need to determine which customer attribute has the most predictive power for each prediction served by the model. What should you do?"
2026-10-15,2,"Entrenamiento, escalado y optimización",18,714,single_choice,Hyperparameter tuning | Managed services,Image classification | Neural networks | Hyperparameter tuning | Hyperparameter optimization | Model optimization,Vertex AI,"You have recently developed a custom model for image classification by using a neural network. You need to automatically identify the values for learning rate, number of layers, and kernel size. To do this, you plan to run multiple jobs in parallel to identify the parameters that optimize performance. You want to minimize custom code development and infrastructure management. What should you do?"
2026-10-15,2,"Entrenamiento, escalado y optimización",19,726,multiple_choice,Real-time data processing | Data storage | Model training,Fraud detection | Outlier detection | Random Forest | Boosted Tree | XGBoost | Model training | Unsupervised learning | Probability estimation,General,Your team is designing a fraud detection system for a major Bank. The requirements are: Various banking applications will send transactions to the new system in real-time and in standard/normalized format. The data will be stored in real-time with some statistical aggregations. An ML model will be periodically trained for outlier detection. The ML model will issue the probability of fraud for each transaction. It is preferable to have no labeling and as little software development as possible. Which kinds of ML models could be used (pick2)?
2026-10-15,2,"Entrenamiento, escalado y optimización",20,830,single_choice,Distributed training,Distributed Machine Learning | Gradient Aggregation,General,"In a distributed machine learning system, which technique helps in reducing the communication overhead between nodes?"
2026-10-15,2,"Entrenamiento, escalado y optimización",21,853,single_choice,Example-based explanations | Model insights | Custom model training,Image classification | Model training | Model evaluation | Explainable AI | Embeddings | Latent space | Holdout set,Vertex AI,"You work for a manufacturing company and your task is to train a custom image classification model to detect product defects at the end of an assembly line. Although your model is performing well, some images in your holdout set are consistently mislabeled with high confidence. You want to use Vertex AI to gain insights into your model’s results. What should you do?"
2026-10-15,2,"Entrenamiento, escalado y optimización",22,872,single_choice,Model training | Sentiment analysis | AutoML | Custom classification,Sentiment analysis | Natural Language Processing | Classification | No-code ML | Transfer learning | Model accuracy,Vertex AI | AutoML Natural Language,"You require a rapid solution for constructing and training a model that can predict the sentiment of customer reviews, utilizing custom categories, all without the need for manual coding. However, your dataset is insufficient to train a model entirely from the ground up. The primary objective is to achieve a high level of predictive accuracy. In light of these considerations, which service should you opt for?"
2026-10-15,2,"Entrenamiento, escalado y optimización",23,333,single_choice,Model training,Linear model | Feature selection | L1 regularization | Regularization,General,"When constructing a linear model with more than a hundred input features, all with values ranging between -1 and 1, it is likely that many of these features are non-informative. Therefore, to keep the informative features intact, it is necessary to remove the non-informative ones. What technique should be employed to achieve this?"
2026-10-15,2,"Entrenamiento, escalado y optimización",24,344,single_choice,Model training | Document translation | Human-in-the-loop,Translation | Accuracy | Evaluation | Model training | Human-in-the-loop,AutoML Translation | Translation Hub,"You are employed by an international manufacturing organization that ships scientific products worldwide. These products come with instruction manuals that need translation into 15 different languages. The leadership team is interested in using machine learning to reduce the costs of manual human translations and to increase translation speed. You are tasked with implementing a scalable solution that maximizes accuracy while minimizing operational overhead. Additionally, you need to incorporate a process to evaluate and correct any incorrect translations. What should you do?"
2026-10-15,2,"Entrenamiento, escalado y optimización",25,346,single_choice,Model training | AutoML | Entity extraction,Natural Language Processing | Entity Extraction | Model Training | Supervised Learning,AutoML Entity Extraction,You work at a leading healthcare firm developing state-of-the-art algorithms for various use cases. You have unstructured textual data with custom labels. You need to extract and classify various medical phrases with these labels. What should you do?
2026-10-15,2,"Entrenamiento, escalado y optimización",26,423,single_choice,Model monitoring | Performance optimization,Deep neural network | TensorFlow | Model performance | Model optimization | Computer Vision,General,You work for an industrial company that wants to improve its quality system. It has developed its own deep neural network model with Tensorflow to identify the semi-finished products to be discarded with images taken from the production lines in the various production phases. You need to monitor the performance of your models and let them go faster. Which is the best solution that you can adopt?
2026-10-15,2,"Entrenamiento, escalado y optimización",27,467,single_choice,Model retraining | Model evaluation | Automation,NLP | Model retraining | Model evaluation | Automation | MLOps,General,You have an NLP model for your company‘s Customer Care and Support Office. This model evaluates the general satisfaction of customers on the main categories of services offered and has always provided satisfactory performances. You have recently expanded the range of your services and want to refine / update your model. You also want to activate procedures that automate these processes. Which choices among the following do you prefer in the Cloud GCP?
2026-10-15,2,"Entrenamiento, escalado y optimización",28,500,single_choice,Model deployment | Model serving | Model training,Classification | Natural Language Processing | Text classification | Model training | Model testing,AutoML Natural Language,"You have a large corpus of written support cases that can be classified into 3 separate categories: Technical Support, Billing Support, or Other Issues. You need to quickly build, test, and deploy a service that will automatically classify future written requests into one of the categories. How should you configure the pipeline?"
2026-10-15,2,"Entrenamiento, escalado y optimización",29,543,single_choice,Model training | Model optimization,Recall | False Negatives | Metrics | Model Optimization | Image Classification | Automated Machine Learning,Vertex AI | AutoML,You are tasked with creating an ML model for a social media platform to determine whether a user's uploaded profile photo complies with the requirements. The objective is to provide users with feedback regarding the compliance of their pictures. What approach should you take in constructing the model to minimize the risk of incorrectly accepting a non-compliant image?
2026-10-15,2,"Entrenamiento, escalado y optimización",30,588,single_choice,Managed notebooks | Environment configuration | Library installation,Text classification | Tokenization | Prototyping,Vertex AI Workbench,You are working on a prototype of a text classification model in a managed Vertex AI Workbench notebook. You want to quickly experiment with tokenizing text by using a Natural Language Toolkit (NLTK) library. How should you add the library to your Jupyter kernel?
2026-10-15,2,"Entrenamiento, escalado y optimización",31,667,single_choice,Data governance | Security | Data exfiltration | Service perimeter | VPC peering,Model training | Fraud detection,Vertex AI | VPC Service Controls,"You are employed by a bank that adheres to rigorous data governance standards. Recently, you integrated a custom model designed to identify fraudulent transactions. Your intention is to configure your training code to access internal data through an API endpoint hosted within your project's network. Your primary concerns are to ensure the utmost security in accessing this data and to minimize the potential risk of data exfiltration. What steps should you take to achieve these objectives?"
2026-10-15,2,"Entrenamiento, escalado y optimización",32,749,single_choice,Model deployment | Model prediction | Explainable AI,Predictive modeling | TensorFlow | Feature attribution | Sampled Shapley method,Vertex AI | AI Explanations,"You're employed by a magazine distributor and have the task of constructing a predictive model to forecast which customers will renew their subscriptions for the next year. You've utilized historical data from your organization as your training dataset and developed a TensorFlow model that has been deployed on Vertex AI. Now, you must identify the customer attribute that holds the greatest predictive influence for each prediction generated by the model. How should you proceed with this task?"
2026-10-15,2,"Entrenamiento, escalado y optimización",33,757,single_choice,Entity extraction | Data labeling | Model training | Model evaluation,Entity extraction | Natural Language Processing | Supervised learning | Model training | Model evaluation | Data labeling,Vertex AI | AutoML,"You're working on an application to assist users with meal planning, aiming to employ machine learning for extracting ingredients and kitchen cookware from a corpus of recipes saved as unstructured text files. What approach should you take?"
2026-10-15,2,"Entrenamiento, escalado y optimización",34,799,single_choice,Model deployment | ML Pipelines,Deep learning | Model accuracy | Model decay | MLOps | TensorFlow,Compute Engine | GKE | TFX | Analytics 360,"Your company runs an e-commerce site. You produced static deep learning models with Tensorflow that process Analytics-360 data. They have been in production for some time. Initially, they gave you excellent results, but then gradually, the accuracy has decreased. You are using Compute Engine and GKE. You decided to use a library that lets you have more control over all processes, from development up to production. Which tool is the best one for your needs?"
2026-10-15,2,"Entrenamiento, escalado y optimización",35,917,single_choice,Model training | Natural Language Processing | AutoML,Sentiment analysis | Classification | No-code ML | Transfer learning | Model performance,AutoML Natural Language,You need to quickly build and train a model to predict the sentiment of customer reviews with custom categories without writing code. You do not have enough data to train a model from scratch. The resulting model should have high predictive performance. Which service should you use?
2026-10-15,2,"Entrenamiento, escalado y optimización",36,922,single_choice,Model training | Entity extraction,Entity Extraction | Natural Language Processing | AutoML | Model training,Vertex AI | AutoML Entity Extraction,"You are employed at a prominent healthcare company, tasked with creating advanced algorithms for a range of applications. Your dataset consists of unstructured text data with specialized annotations. Your objective is to extract and categorize different medical expressions with these annotations. What course of action should you take?"
2026-10-15,2,"Entrenamiento, escalado y optimización",37,191,single_choice,Document processing | Information extraction,Information extraction | Pre-trained models,Cloud Document AI API,You are building an application that extracts information from invoices and receipts. You want to implement this application with minimal custom code and training. What should you do?
2026-10-15,2,"Entrenamiento, escalado y optimización",38,276,single_choice,Model training | Feature engineering,Feature engineering | Feature crosses | Binning | One-hot encoding | Predictive modeling,General,You are an ML engineer at a global car manufacturer. You need to build an ML model to predict car sales in different cities around the world. Which features or feature crosses should you use to train city-specific relationships between car type and number of sales?
2026-10-15,2,"Entrenamiento, escalado y optimización",39,284,single_choice,Model serving | Model deployment | Model validation,Time series forecasting | Model training | Model evaluation | Model validation | Performance tracking,General,"You work for a global footwear retailer and need to predict when an item will be out of stock based on historical inventory data Customer behavior is highly dynamic since footwear demand is influenced by many different factors. You want to serve models that are trained on all available data, but track your performance on specific subsets of data before pushing to production. What is the most streamlined and reliable way to perform this validation?"
2026-10-15,2,"Entrenamiento, escalado y optimización",40,400,single_choice,Model interpretability | NLP | Sentiment analysis | Model deployment,NLP | Sentiment analysis | Model interpretability | Inference | TensorFlow,LIT | TensorFlow,"Your team is working with a great number of ML projects, especially with Tensorflow. You recently prepared an NLP model that works well and is about to be rolled out in production. You have to prepare a demo for the Manager and Stakeholders for your new system of text and sentiment interpretation. You are certain that they will ask you for explanations and understanding about how a software may capture human feelings. You’d like to show them an interactive demo with some cool interference. Which of these tools is best for all of this?"
2026-10-16,2,"Entrenamiento, escalado y optimización",1,462,single_choice,Distributed computing | Fault tolerance | Data replication,Distributed computing | Fault tolerance,General,"In distributed computing, what is a common technique for ensuring fault tolerance?"
2026-10-16,2,"Entrenamiento, escalado y optimización",2,553,single_choice,Model deployment,TensorFlow | Accuracy | Overfitting | Deep Neural Networks | Image analysis,General,"Your team prepared a custom model with Tensorflow that forecasts, based on diagnostic images, which cases need more analysis and medical support. The accuracy of the model is very high. But when it is deployed in production, the medical staff is very dissatisfied. What is the most likely motivation?"
2026-10-16,2,"Entrenamiento, escalado y optimización",3,613,single_choice,Cost optimization | Organization | ML services,Cost optimization | Machine learning projects,General,You are consulting a CIO of a big firm regarding organization and cost optimization for his company‘s ML projects in GCP. He asked: “How can I get the most from ML services and the least costs?” What are the best practices recommended by Google in this regard?
2026-10-16,2,"Entrenamiento, escalado y optimización",4,646,single_choice,Model training | Model evaluation,Recall | False negatives | Model optimization,AutoML,"To ensure that an ML model for a social media application accurately predicts whether a user‘s submitted profile photo meets the requirements, it is necessary to build a model that does not falsely accept a non-compliant picture. How can this be done?"
2026-10-16,2,"Entrenamiento, escalado y optimización",5,658,single_choice,Access control | Notebook instance | Service accounts | Identity and Access Management,Model prototyping,Vertex AI Workbench | Vertex AI,You are collaborating on a model prototype with your team. You need to create a Vertex AI Workbench environment for the members of your team and also limit access to other employees in your project. What should you do?
2026-10-16,2,"Entrenamiento, escalado y optimización",6,117,single_choice,Model deployment,Image segmentation | Computer Vision | Metrics | AUC | Overfitting | Underfitting | Model evaluation,General,"You recently built the first version of an image segmentation model for a self-driving car. After deploying the model, you observe a decrease in the area under the curve (AUC) metric. When analyzing the video recordings, you also discover that the model fails in highly congested traffic but works as expected when there is less traffic. What is the most likely reason for this result?"
2026-10-16,2,"Entrenamiento, escalado y optimización",7,137,single_choice,Pre-trained models | Object detection | Image processing | Cost optimization | Model deployment,Object detection | Object localization | Image classification | Real-time inference,Cloud Vision API,You work for a pet food company that manages an online forum. Customers upload photos of their pets on the forum to share with others. About 20 photos are uploaded daily. You want to automatically and in near real-time detect whether each uploaded photo has an animal. You want to prioritize time and minimize the cost of your application development and deployment. What should you do?
2026-10-16,2,"Entrenamiento, escalado y optimización",8,170,single_choice,Hyperparameter tuning,Hyperparameter tuning | Model development,General,"When developing an ML model, what is the purpose of hyper parameter tuning?"
2026-10-16,2,"Entrenamiento, escalado y optimización",9,374,single_choice,Model optimization,Linear regression | Model optimization | Regression | Supervised learning,General,"You have an ML model designed for an industrial company that provides the correct price to buy goods based on a series of elements, such as the quantity requested, the level of quality and other specific variables for different types of products. You have built a linear regression model that works well but whose performance you want to optimize. Which of these techniques could you use?"
2026-10-16,2,"Entrenamiento, escalado y optimización",10,422,single_choice,Model development,Linear models | Feature selection | Regularization | L1 regularization,General,"You are building a linear model with over 100 input features, all with values between -1 and 1. You suspect that many features are non-informative. You want to remove the non-informative features from your model while keeping the informative ones in their original form. Which technique should you use?"
2026-10-16,2,"Entrenamiento, escalado y optimización",11,436,single_choice,Application hosting,Optimization | Route optimization,Google Kubernetes Engine,Your organization wants to make its internal shuttle service route more efficient. The shuttles currently stop at all pick-up points across the city every 30 minutes between 7 am and 10 am. The development team has already built an application on Google Kubernetes Engine that requires users to confirm their presence and shuttle station one day in advance. What approach should you take?
2026-10-16,2,"Entrenamiento, escalado y optimización",12,499,single_choice,Model development | Notebooks,Churn prediction | Classification | Model interpretability | Random Forest | Feature importance,Vertex AI Workbench,"You're tasked with constructing a model to predict churn probability for customers at a retail company. It's crucial for the predictions to be interpretable, enabling the development of targeted marketing campaigns for at-risk customers. What approach should you take?"
2026-10-16,2,"Entrenamiento, escalado y optimización",13,539,single_choice,Model deployment,Image segmentation | Computer Vision | Metrics | AUC | Overfitting | Underfitting | Model evaluation,General,"The recent deployment of an image segmentation model designed to support a self-driving car yielded a decline in the AUC metric. Upon investigation of video recordings, it was discovered that the model was functioning as expected in areas with minimal traffic but struggled in more congested areas. What could be the likely cause for this outcome?"
2026-10-16,2,"Entrenamiento, escalado y optimización",14,743,single_choice,Model training,Reinforcement Learning | Inventory prediction | Online learning | Feature engineering,General,"You are an ML engineer at a large grocery retailer with stores in multiple regions. You have been asked to create an inventory prediction model. Your models features include region, location, historical demand, and seasonal popularity. You want the algorithm to learn from new inventory data on a daily basis. Which algorithms should you use to build the model?"
2026-10-16,2,"Entrenamiento, escalado y optimización",15,792,single_choice,Cluster management | Data processing | Notebooks,Model prototyping | Big Data | Data analysis | Model development,Dataproc,You are the lead ML engineer on a mission-critical project that involves analyzing massive datasets using Apache Spark. You need to establish a robust environment that allows your team to rapidly prototype Spark models using Jupyter notebooks. What is the fastest way to achieve this?
2026-10-16,2,"Entrenamiento, escalado y optimización",16,927,single_choice,Model training | Dataset creation | AutoML,Forecasting | Time series | Tabular data | Target variable | Covariates,Vertex AI,"You work for a hospital aiming to optimize its operation scheduling process. To predict the number of beds needed for patients based on scheduled surgeries, you have one year of data organized in 365 rows, including variables like the number of scheduled surgeries, the number of beds occupied, and the date for each day. Your goal is to maximize the speed of model development and testing. What should you do?"
2026-10-16,2,"Entrenamiento, escalado y optimización",17,932,single_choice,Model deployment | Model inference | Model storage,TensorFlow | Customer segmentation | Inference,Cloud Storage | BigQuery,You are a SQL analyst. You need to utilize a TensorFlow customer segmentation model stored In Cloud Storage. You want to use the simplest and most efficient approach. What should you do?
2026-10-16,2,"Entrenamiento, escalado y optimización",18,189,single_choice,Data processing | Parallel processing,Data processing | Distributed computing,General,What is the purpose of using Map Reduce in large-scale data processing?
2026-10-16,2,"Entrenamiento, escalado y optimización",19,389,single_choice,ML Lifecycle | Model Evaluation,ML Lifecycle | Model Interpretation | Business Metrics | Roles and Responsibilities,General,"In an end-to-end ML project, which role is primarily responsible for interpreting model outputs, assessing their impact on business KPIs, and translating insights into actionable decisions for non-technical stakeholders?"
2026-10-16,2,"Entrenamiento, escalado y optimización",20,396,single_choice,Model development | Model explainability,Predictive maintenance | Computer Vision | Deep learning | Explainable AI | Integrated Gradients | Model interpretability,General,You are building a predictive maintenance model to preemptively detect part defects in bridges. You plan to use high definition images of the bridges as model inputs. You need to explain the output of the model to the relevant stakeholders so they can take appropriate action. How should you build the model?
2026-10-16,2,"Entrenamiento, escalado y optimización",21,532,single_choice,Translating business challenges into ML use cases,Demand forecasting | Optimization | ML use case definition,General,"When a company wants to implement machine learning to optimize its supply chain (e.g., forecasting demand or optimizing delivery routes), which professional should they consult to strategically convert this high-level business challenge into a practical and technically feasible Machine Learning use case ?"
2026-10-16,2,"Entrenamiento, escalado y optimización",22,644,single_choice,ML Solution Design,ML Problem Definition | Model Selection | Model Interpretation,General,"When designing an ML solution, which role is primarily responsible for translating business requirements into measurable ML problem definitions, selecting appropriate modeling approaches, and interpreting model outputs for stakeholders?"
2026-10-16,2,"Entrenamiento, escalado y optimización",23,710,single_choice,Occupancy Analytics | Video analysis | Pre-trained models,Computer Vision | Object Detection | Real-time Inference | Video Analysis,Vertex AI Vision | Vertex AI,You work for a company that captures live video footage of checkout areas in their retail stores. Your task is to build a model to detect the number of customers waiting for service in near real-time. You aim to create this solution quickly and with minimal effort. What approach should you take to build the model?
2026-10-16,2,"Entrenamiento, escalado y optimización",24,870,single_choice,Model building | Model explainability,Predictive maintenance | Deep learning | Explainable AI | Integrated Gradients | Computer Vision,General,"You are developing a predictive maintenance model to proactively detect part defects in bridges, and you plan to utilize high-definition bridge images as inputs for your model. To effectively explain the model's output to the relevant stakeholders and enable them to take appropriate action, which approach should you use when building the model?"
2026-10-16,2,"Entrenamiento, escalado y optimización",25,121,single_choice,Model Governance | Explainable AI,Traceability | Reproducibility | Explainability | Model Governance | Compliance,General,"As an ML engineer at a regulated insurance firm, you've been tasked with creating a model to approve or reject insurance applications. What key considerations should you take into account before developing this model?"
2026-10-16,2,"Entrenamiento, escalado y optimización",26,128,single_choice,,Outliers | Data visualization,General,Which type of chart is most useful for identifying the presence of outliers?
2026-10-16,2,"Entrenamiento, escalado y optimización",27,148,multiple_choice,General,Lazy learning | K-Nearest Neighbors | Naive Bayes,General,You are starting to operate as a Data Scientist and speaking with your mentor who asked you to prepare a simple model with a lazy learning algorithm. The problem is that you don’t know the meaning of lazy learning; so you looked for it. Which of the following methods uses lazy learning?
2026-10-16,2,"Entrenamiento, escalado y optimización",28,153,single_choice,Auditing | Compliance | Data access,,Cloud Audit Logs,"In Google Cloud, which service can be used to audit access to data and track compliance?"
2026-10-16,2,"Entrenamiento, escalado y optimización",29,166,single_choice,Document Translation,Machine Translation | Natural Language Processing,Cloud Translation API,"You work for a multinational organization that has recently begun operations in Spain. Teams within your organization will need to work with various Spanish documents, such as business, legal, and financial documents. You want to use machine learning to help your organization get accurate translations quickly and with the least effort. Your organization does not require domain-specific terms or jargon. What should you do?"
2026-10-16,2,"Entrenamiento, escalado y optimización",30,185,single_choice,Data visualization,Data visualization,General,Which type of chart would you use to visualize the cumulative sum of a variable over time?
2026-10-16,2,"Entrenamiento, escalado y optimización",31,194,single_choice,Data visualization,Data visualization,General,"Which Python library is widely used for creating static, animated, and interactive visualizations ?"
2026-10-16,2,"Entrenamiento, escalado y optimización",32,205,single_choice,Document parsing | Sentiment analysis | Custom extraction,Sentiment Analysis | Text Extraction | Document Processing | Inference,Document AI | Natural Language API,"You work for a hotel and have a dataset that contains customers’ written comments scanned from paper-based customer feedback forms, which are stored as PDF files. Every form has the same layout. You need to quickly predict an overall satisfaction score from the customer comments on each form. How should you accomplish this task?"
2026-10-16,2,"Entrenamiento, escalado y optimización",33,216,single_choice,Problem Definition,Problem Definition | ML Lifecycle,General,Why is it important to define the problem statement and objectives before diving into ML?
2026-10-16,2,"Entrenamiento, escalado y optimización",34,218,single_choice,General,Data visualization,General,What is a key benefit of using Seaborn for data visualization over Matplotlib?
2026-10-16,2,"Entrenamiento, escalado y optimización",35,219,single_choice,Recommendation systems | Similarity search,Recommendation systems | Natural Language Processing | Word embeddings | Vectorization | Similarity search,General,"To provide users with appropriate content, your company has developed an application which collects news from multiple online sources. You now need to formulate a model which will suggest to readers similar articles to the ones they are currently viewing. What approach should you adopt for this purpose?"
2026-10-16,2,"Entrenamiento, escalado y optimización",36,230,single_choice,,Natural Language Processing | Embeddings | Text Classification | CoVariance Matrix,General,"You are working on an NLP model. So, you are dealing with words and sentences, not numbers. Your problem is to categorize these words and make sense of them. Your manager told you that you have to use embeddings. Which of the following techniques are not related to embeddings?"
2026-10-16,2,"Entrenamiento, escalado y optimización",37,233,single_choice,Custom visualizations | Serverless,Data visualization,Cloud Run,Which Google Cloud service would you use to build custom visualizations with JavaScript libraries like D3.js?
2026-10-16,2,"Entrenamiento, escalado y optimización",38,259,single_choice,Statistics,Statistics | Probability distribution | Central limit theorem,General,Which statistical concept is essential for understanding the probability distribution of a dataset?
2026-10-16,2,"Entrenamiento, escalado y optimización",39,264,single_choice,Recommendation systems | Natural Language Processing,Recommendation systems | Word embeddings | Word2vec | Vector similarity | Natural Language Processing,General,Your company manages an application that aggregates news articles from many different online sources and sends them to users. You need to build a recommendation model that will suggest articles to readers that are similar to the articles they are currently reading. Which approach should you use?
2026-10-16,2,"Entrenamiento, escalado y optimización",40,268,single_choice,ML Architecture | Scalability,ML System Design | Scalability,General,What is the primary goal of architecture ML solutions?
2026-10-17,2,"Entrenamiento, escalado y optimización",1,293,single_choice,Encryption key management,,Cloud Key Management Service (KMS),Which Google Cloud service provides encryption key management?
2026-10-17,2,"Entrenamiento, escalado y optimización",2,299,single_choice,ML Use Case Definition | Business Alignment,Machine Learning | ML Use Case Definition,General,Which role plays a crucial part in ensuring that machine learning projects align with a company‘s strategic goals and solve real business challenges?
2026-10-17,2,"Entrenamiento, escalado y optimización",3,324,single_choice,Problem framing,Problem framing,General,What does it mean to “frame“ an ML problem?
2026-10-17,2,"Entrenamiento, escalado y optimización",4,332,single_choice,Recommendation type | Model development,Recommendation systems,Recommendations AI,You're tasked with creating a machine learning recommendation model for your company's e-commerce website using Recommendations AI. What is the best approach to develop recommendations that boost revenue while adhering to established best practices?
2026-10-17,2,"Entrenamiento, escalado y optimización",5,338,single_choice,Model development,Image segmentation | Computer Vision | Object detection,General,"As an ML engineer on an agricultural research team, one is tasked with creating a crop disease detection tool capable of detecting leaf rust spots in crop images. The shape and size of the spots can indicate the severity of the disease, thus the goal is to develop a solution that can accurately predict the presence and intensity of the disease. What steps should one take to achieve this?"
2026-10-17,2,"Entrenamiento, escalado y optimización",6,358,single_choice,Model development | Explainable AI,Model interpretability | Model architecture | Accuracy | Boosted decision trees | SHAP values | Regulatory compliance,Vertex AI,You are developing an ML model on Vertex AI that needs to meet specific interpretability requirements for regulatory compliance. You want to use a combination of model architectures and modeling techniques to maximize accuracy and interpretability. How should you create the model?
2026-10-17,2,"Entrenamiento, escalado y optimización",7,360,single_choice,Conversational AI | Chatbot development,Intent classification | Data labeling | Natural Language Processing,Dialogflow,You work for a large financial institution that is planning to use Dialogflow to create a chatbot for the company’s mobile app. You have reviewed old chat logs and tagged each conversation for intent based on each customer’s stated intention for contacting customer service. About 70% of customer inquiries are simple requests that are solved within 10 intents. The remaining 30% of inquiries require much longer and more complicated requests. Which intents should you automate first?
2026-10-17,2,"Entrenamiento, escalado y optimización",8,363,single_choice,Model building,Recommendation Systems | Collaborative filtering,General,"As an ML engineer at a worldwide shoe retailer, overseeing the company's website's machine learning models, you've been tasked with creating a recommendation model. This model should suggest new products to customers, taking into account their purchasing habits and similarities with other users. How should you proceed to build this model?"
2026-10-17,2,"Entrenamiento, escalado y optimización",9,385,single_choice,,Statistics | Evaluation,General,Which statistical measure is commonly used to evaluate the spread of a dataset?
2026-10-17,2,"Entrenamiento, escalado y optimización",10,410,single_choice,Model customization | Fine-tuning,Foundation models | Large Language Models | Text summarization | Model evaluation | Fine-tuning,Model Garden,Your company needs to generate product summaries for vendors. You evaluate a foundation model from Model Garden for text summarization and find the style of the summaries are not aligned with your company's brand voice. How should you improve this LLM-based summarization model to better meet your business objectives?
2026-10-17,2,"Entrenamiento, escalado y optimización",11,440,single_choice,Batch processing | Data processing,Batch processing | Data processing,General,What is the key benefit of using batch processing for large datasets?
2026-10-17,2,"Entrenamiento, escalado y optimización",12,456,single_choice,Problem framing | Model selection,Problem framing | Model selection | ML algorithms,General,Which aspect of problem framing involves selecting the appropriate ML algorithms and techniques?
2026-10-17,2,"Entrenamiento, escalado y optimización",13,473,single_choice,Document processing | Document analysis,Document processing | Information extraction | Automation,Document AI,"You work in a major banking institution. The Management has decided to rapidly launch a bank loan service, as the Government has created a series of “first home” facilities for the younger population. The goal is to carry out the automatic management of the required documents (certificates, origin documents, legal information) so that the practice can be built and verified automatically using the data and documents provided by customers and can be managed in a short time and with the minimum contribution of the scarce specialized personnel. Which of these GCP services can you use?"
2026-10-17,2,"Entrenamiento, escalado y optimización",14,481,single_choice,Data visualization,Data visualization,General,What type of plot would you use to visualize the relationship between two continuous variables?
2026-10-17,2,"Entrenamiento, escalado y optimización",15,505,single_choice,Problem framing | ML project life cycle,Problem framing | ML project life cycle,General,Why is it crucial to revisit and refine the problem framing throughout the ML project life cycle?
2026-10-17,2,"Entrenamiento, escalado y optimización",16,513,single_choice,Data collection,Machine Learning | Data collection,General,What is the first step in the process of solving a Machine Learning problem ?
2026-10-17,2,"Entrenamiento, escalado y optimización",17,556,single_choice,Asynchronous recognition | Audio transcription,Transcription | Summarization | Sentiment analysis | Audio processing,Speech-to-Text API,"You work for an organization that operates a cloud-based communication platform combining chat, voice, and video conferencing. The platform stores audio recordings with an 8 kHz sample rate, all lasting over a minute. You are tasked with implementing a feature that automatically transcribes voice call recordings into text for future applications like call summarization and sentiment analysis. How should you implement this voice call transcription feature according to Google-recommended best practices?"
2026-10-17,2,"Entrenamiento, escalado y optimización",18,572,single_choice,Data visualization,Data visualization,General,What is the primary purpose of data visualization in the context of machine learning?
2026-10-17,2,"Entrenamiento, escalado y optimización",19,584,single_choice,Cloud infrastructure | Scalability | Flexibility,Machine learning at scale | Scalability,General,What is the benefit of using a cloud-based infrastructure for machine learning at scale?
2026-10-17,2,"Entrenamiento, escalado y optimización",20,600,single_choice,Model evaluation | ML solution architecture,Model evaluation | ML architecture,General,What is the role of model evaluation in ML solution architecture?
2026-10-17,2,"Entrenamiento, escalado y optimización",21,611,single_choice,Problem framing | Unsupervised learning,Unsupervised learning | Problem framing | Pattern discovery,General,When is it appropriate to use unsupervised learning in ML problem framing?
2026-10-17,2,"Entrenamiento, escalado y optimización",22,640,single_choice,Business use case for ML | Human-in-the-loop,Spam detection | Natural Language Processing | Human-in-the-loop | Pattern recognition,General,"You work for a company that provides an anti-spam service that flags and hides spam posts on social media platforms. Your company currently uses a list of 200,000 keywords to identify suspected spam posts. If a post contains more than a few of these keywords, the post is identified as spam. You want to start using machine learning to flag spam posts for human review. What is the main advantage of implementing machine learning for this business case?"
2026-10-17,2,"Entrenamiento, escalado y optimización",23,642,single_choice,Auto-scaling,,Dataflow,Which feature of Google Cloud Data flow can automatically adjust resources based on the workload?
2026-10-17,2,"Entrenamiento, escalado y optimización",24,649,single_choice,Recommendation systems,Recommendation systems | Collaborative filtering | Matrix Factorization,General,"You work for a digital publishing website with an excellent technical and cultural level, where you have both famous authors and unknown experts who express ideas and insights. You, therefore, have an extremely demanding audience with strong interests of various types. Users have a small set of articles that they can read for free every month; they need to sign up for a paid subscription. You aim to provide your audience with pointers to articles that they will indeed find of interest to themselves. Which of these models can be useful to you?"
2026-10-17,2,"Entrenamiento, escalado y optimización",25,652,single_choice,Model development,Supervised learning | Clustering,General,Which of the following is NOT a common supervised learning task when developing ML models?
2026-10-17,2,"Entrenamiento, escalado y optimización",26,653,single_choice,Recommendation systems | Model development,Recommendation Systems | Natural Language Processing | Word Embeddings | Vector Similarity | Content-based filtering,General,"Your company operates an application that gathers news articles from various online sources and delivers them to users. You require a recommendation model that can propose articles to readers based on their current reading material, suggesting articles that are similar. Which approach should you employ for this task?"
2026-10-17,2,"Entrenamiento, escalado y optimización",27,656,single_choice,,,General,What does “data portability“ mean under GDPR?
2026-10-17,2,"Entrenamiento, escalado y optimización",28,679,single_choice,IoT | Sensor data,Reinforcement Learning | Q-learning | Unsupervised Learning,General,"Your team works on a smart city project with wireless sensor networks and a set of gateways for transmitting sensor data. You have to cope with many design choices. You want, for each of the problems under study, to find the simplest solution. For example, it is necessary to decide on the placement of nodes so that the result is the most economical and inclusive. An algorithm without data tagging must be used. Which of the following choices do you think is the most suitable?"
2026-10-17,2,"Entrenamiento, escalado y optimización",29,699,single_choice,Resource management | Model scaling,Model scaling | Resource management,General,What is the primary challenge when scaling machine learning models to large datasets?
2026-10-17,2,"Entrenamiento, escalado y optimización",30,708,single_choice,Model development | ML Governance | Explainable AI,Traceability | Reproducibility | Explainability | Model development | ML Governance,General,You are an ML engineer at a regulated insurance company. You are asked to develop an insurance approval model that accepts or rejects insurance applications from potential customers. What factors should you consider before building the model?
2026-10-17,2,"Entrenamiento, escalado y optimización",31,727,single_choice,Compliance | Data Privacy,,General,"Under the GDPR, what is the maximum fine for non-compliance?"
2026-10-17,2,"Entrenamiento, escalado y optimización",32,738,single_choice,Conversational interfaces | Voice-to-text | Backend integration,Natural Language Processing (NLP) | Conversational AI | Speech Recognition,Dialogflow Enterprise Edition,"You are a retailer that wants to integrate your online sales capabilities with different in-home assistants, such as Google Home. You need to interpret customer voice commands and issue an order to the backend systems. Which solutions should you choose?"
2026-10-17,2,"Entrenamiento, escalado y optimización",33,770,single_choice,Model Validation | Model Release,Neural Networks | Deep Learning | Model Capacity | Model Validation | Baselines | Model Comparison,General,You need to write a generic test to verify whether Dense Neural Network (DNN) models automatically released by your team have a sufficient number of parameters to learn the task for which they were built. What should you do?
2026-10-17,2,"Entrenamiento, escalado y optimización",34,778,single_choice,ML project scoping | ML problem framing,ML project scoping | ML problem framing | Feasibility analysis | Metrics,General,"During ML project scoping, which role is primarily responsible for evaluating whether a business problem can be solved with machine learning and framing it into a feasible ML use case with measurable objectives?"
2026-10-17,2,"Entrenamiento, escalado y optimización",35,800,multiple_choice,,Ensemble methods | Random Forests | XGBoost | Gradient Boost | Algorithms,General,"As a Data Scientist, you are involved in various projects in an important retail company. You prefer to use, whenever possible, simple and easily explained algorithms. Where you can‘t get satisfactory results, you adopt more complex and sophisticated methods. Your manager told you that you should try ensemble methods. Intrigued, you are documented. Which of the following are ensemble-type algorithms (pick 3)?"
2026-10-17,2,"Entrenamiento, escalado y optimización",36,805,single_choice,ML model development,Unsupervised learning | ML model development | Customer segmentation,General,Which of the following is an example of an unsupervised learning task in ML model development?
2026-10-17,2,"Entrenamiento, escalado y optimización",37,819,single_choice,Agent creation | Data indexing | Datastore management | Grounding,Conversational AI | Information Retrieval | Retrieval-Augmented Generation (RAG) | AI Agents | Grounding,Vertex AI Agent Builder,Your organization’s employee onboarding team wants you to build an interactive self-help tool for new employees. The tool needs to receive queries from users and provide answers from the organization’s internal documentation. This documentation is spread across standalone documents such as PDF files. You want to build a solution quickly while minimizing maintenance overhead. What should you do?
2026-10-17,2,"Entrenamiento, escalado y optimización",38,847,single_choice,Data visualization | Dashboards,,Looker Studio,What is the main advantage of using Looker Studio for data visualization?
2026-10-17,2,"Entrenamiento, escalado y optimización",39,894,single_choice,ML solution architecture,ML solution architecture | Problem formulation | Success criteria,General,"Which phase of ML solution architecture typically involves defining the problem, objectives, and success criteria?"
2026-10-17,2,"Entrenamiento, escalado y optimización",40,895,single_choice,Model evaluation,Model evaluation | ML model development,General,What is the final step in the process of developing an ML model?
2026-10-18,3,"Producción, MLOps y monitorización",1,700,single_choice,Model training | Model deployment | ML Pipelines | Experiment tracking | Model serving | Model monitoring | Drift detection | Notifications,Regression | Tabular data | Data distribution | Prediction drift | Model retraining | Model deployment,Vertex AI Pipelines | Vertex AI Training | Vertex AI Experiments | Vertex AI Endpoints | Vertex AI Model Monitoring,"You're training and deploying updated versions of a regression model with tabular data using Vertex AI Pipelines, Vertex AI Training, Vertex AI Experiments, and Vertex AI Endpoints. The deployed model resides in a Vertex AI endpoint, and users access it via this endpoint. You aim to receive an email notification when significant changes occur in the feature data distribution, prompting you to retrigger the training pipeline and deploy an updated model. What should you do?"
2026-10-18,3,"Producción, MLOps y monitorización",2,271,single_choice,Model deployment | Model serving | CI/CD | ML pipelines | Environment management | Artifact management,Model training | Model performance | Experimentation | MLOps | Real-time serving,Vertex AI Pipelines | Vertex AI | Cloud Build,"You recently deployed a pipeline in Vertex AI Pipelines that trains and pushes a model to a Vertex AI endpoint to serve real-time traffic. You need to continue experimenting and iterating on your pipeline to improve model performance. You plan to use Cloud Build for CI/CD You want to quickly and easily deploy new pipelines into production, and you want to minimize the chance that the new pipeline implementations will break in production. What should you do?"
2026-10-18,3,"Producción, MLOps y monitorización",3,818,single_choice,Model deployment | Model serving | Real-time traffic | CI/CD | ML pipelines | Pre-production environment | Production environment,Training | Model deployment | Model performance | Experimentation | Iteration | MLOps,Vertex AI Pipelines | Vertex AI | Cloud Build,"You've recently implemented a pipeline within Vertex AI Pipelines, which is responsible for training and deploying a model to a Vertex AI endpoint to serve real-time traffic. Your objective is to maintain an ongoing process of experimentation and iteration to enhance model performance. To facilitate this, you intend to employ Cloud Build for continuous integration and continuous deployment (CI/CD). Your ultimate goal is to efficiently and swiftly deploy new pipelines into production while minimizing the risk of potential disruptions to the existing production environment due to new pipeline implementations. What step should you take to achieve this?"
2026-10-18,3,"Producción, MLOps y monitorización",4,252,single_choice,Model training | Model deployment | Model serving | Model endpoint | Model monitoring | Training-serving skew detection | Alerting,Custom ML model | Training | Post-processing | Feature lookup | Pre-processing | Prediction | Training-serving skew | Monitoring,Vertex AI | BigQuery | Cloud Run,You recently developed a custom ML model that was trained in Vertex AI on a post-processed training dataset stored in BigQuery. You used a Cloud Run container to deploy the prediction service. The service performs feature lookup and pre-processing and sends a prediction request to a model endpoint in Vertex AI. You want to configure a comprehensive monitoring solution for training-serving skew that requires minimal maintenance. What should you do?
2026-10-18,3,"Producción, MLOps y monitorización",5,103,single_choice,Model deployment | Model training | Model monitoring | ML pipelines,Model training | Retraining | Model monitoring | Feature drift,Vertex AI | Vertex AI endpoint | Vertex AI pipeline | Cloud Function | Pub/Sub,"Your team has deployed a model to a Vertex AI endpoint, and you've established a Vertex AI pipeline that streamlines the model training process, triggered by a Cloud Function. Your primary goals are to keep the model up-to-date while also minimizing retraining costs. How should you configure the retraining process?"
2026-10-18,3,"Producción, MLOps y monitorización",6,367,single_choice,Model retraining | Model serving | Model monitoring | Online prediction | Pipeline orchestration | Autoscaling,Model retraining | Containerization | Model monitoring | Online prediction | MLOps | Autoscaling,Vertex AI Pipelines | Vertex AI Prediction | Vertex AI Model Monitoring,"Your data science team has requested a system that supports scheduled model retraining, Docker containers, and a service that supports autoscaling and monitoring for online prediction requests. Which platform components should you select for building this system?"
2026-10-18,3,"Producción, MLOps y monitorización",7,495,single_choice,Model monitoring | Skew detection | Model deployment | Endpoints | Monitoring configuration,Custom model | Churn prediction | Skew detection | Features | Model performance | Prediction sampling | Model monitoring,Vertex AI | Vertex AI Model Monitoring | BigQuery,"You've created a custom model in Vertex AI to predict user churn rate for your application. Vertex AI Model Monitoring is used for skew detection, and your training data in BigQuery includes two types of features: demographic and behavioral. Recently, you found that two separate models, each trained on one of these feature sets, outperform the original model. Now, you want to set up a new model monitoring pipeline that directs traffic to both models while maintaining consistent prediction-sampling rates and monitoring frequencies. You also aim to minimize management overhead. What should be your approach?"
2026-10-18,3,"Producción, MLOps y monitorización",8,712,single_choice,Model deployment | Model retraining | Model monitoring | Alert monitoring,Model retraining | Training/serving skew | Model monitoring | Automation,BigQuery ML | Vertex AI Endpoints | Vertex AI Model Monitoring | Pub/Sub | Cloud Functions | BigQuery,"You have developed a BigQuery ML model that predicts customer chum, and deployed the model to Vertex AI Endpoints. You want to automate the retraining of your model by using minimal additional code when model feature values change. You also want to minimize the number of times that your model is retrained to reduce training costs. What should you do?"
2026-10-18,3,"Producción, MLOps y monitorización",9,841,single_choice,Model monitoring | Model deployment | Training-serving skew detection | Model retraining,Training-serving skew | Model monitoring | Model retraining | MLOps,Vertex AI,"You have received a training-serving skew alert from a Vertex AI Model Monitoring job that is active in a production environment. In response, you have retrained the model using more up-to-date training data and subsequently redeployed it to the Vertex AI endpoint. Despite these actions, you continue to receive the same alert. What step should you take to address this situation?"
2026-10-18,3,"Producción, MLOps y monitorización",10,902,single_choice,ML pipeline | Model training | Model deployment | Data validation | Preprocessing | Orchestration | Metadata management | Component reuse,ML pipeline | Data validation | Preprocessing | Model training | Model deployment | Automation | Metadata | Reproducibility | Batch processing | Streaming | Orchestration,Kubeflow Pipelines | Vertex AI Pipelines,"You are building an ML pipeline to process and analyze both steaming and batch datasets. You need the pipeline to handle data validation, preprocessing, model training, and model deployment in a consistent and automated way. You want to design an efficient and scalable solution that captures model training metadata and is easily reproducible. You want to be able to reuse custom components for different parts of your pipeline. What should you do?"
2026-10-18,3,"Producción, MLOps y monitorización",11,929,single_choice,Model monitoring | Skew detection | Model deployment | Endpoints | Traffic splitting | Model monitoring job,Churn prediction | Skew detection | Features | Model training | Model performance | Traffic splitting | Prediction sampling | Monitoring frequency,Vertex AI | Vertex AI Model Monitoring | BigQuery,You developed a custom model by using Vertex AI to predict your application's user churn rate. You are using Vertex AI Model Monitoring for skew detection. The training data stored in BigQuery contains two sets of features - demographic and behavioral. You later discover that two separate models trained on each set perform better than the original model. You need to configure a new model monitoring pipeline that splits traffic among the two models. You want to use the same prediction-sampling-rate and monitoring-frequency for each model. You also want to minimize management effort. What should you do?
2026-10-18,3,"Producción, MLOps y monitorización",12,195,single_choice,ML pipeline development | Model registration | Model deployment | Online inference | Pipeline orchestration,ML Pipelines | MLOps | XGBoost | Online inference | Model versioning,Vertex AI | Vertex AI Pipelines | Vertex AI Model Registry | Vertex AI Endpoints,You are developing an ML pipeline using Vertex AI Pipelines. You want your pipeline to upload a new version of the XGBoost model to Vertex AI Model Registry and deploy it to Vertex AI Endpoints for online inference. You want to use the simplest approach. What should you do?
2026-10-18,3,"Producción, MLOps y monitorización",13,370,single_choice,CI/CD pipeline | Git repository trigger | Pub/Sub trigger | Model retraining,Image classification | Retraining | CI/CD | Model deployment | MLOps,Cloud Build | Pub/Sub | Cloud Storage,You recently deployed an image classification model on Google Cloud. You used Cloud Build to build a CI/CD pipeline for the model. You need to ensure that the model stays up-to-date with data and code changes by using an efficient retraining process. What should you do?
2026-10-18,3,"Producción, MLOps y monitorización",14,416,single_choice,Model deployment | Online prediction | Model Registry | Model Monitoring | Explainable AI,XGBoost | Online prediction | Explainable AI | Feature attribution | Sampled Shapley | Prediction drift | Latency,Vertex AI | Vertex AI Model Registry | Vertex AI Endpoints | Vertex AI Model Monitoring,"You've trained an XGBoost model for deployment on Vertex AI for online prediction. As you upload your model to Vertex AI Model Registry, you need to configure the explanation method for serving online prediction requests with minimal latency. Additionally, you want to receive alerts when feature attributions of the model significantly change over time. What steps should you take?"
2026-10-18,3,"Producción, MLOps y monitorización",15,523,single_choice,Pipeline automation | Model deployment | Monitoring | Pipeline debugging,ML Pipelines | Model training | Model deployment | Monitoring | Debugging | Metrics | Convergence,Vertex AI Pipelines | Vertex AI TensorBoard,"You are logged into the Vertex AI Pipeline UI and noticed that an automated production TensorFlow training pipeline finished three hours earlier than a typical run. You do not have access to production data for security reasons, but you have verified that no alert was logged in any of the ML system’s monitoring systems and that the pipeline code has not been updated recently. You want to debug the pipeline as quickly as possible so you can determine whether to deploy the trained model. What should you do?"
2026-10-18,3,"Producción, MLOps y monitorización",16,703,single_choice,Data preprocessing | Pipeline deployment | Scaling | Artifact tracking | Experiment tracking | Pipeline run,Data preprocessing | Metrics | Parameters | Artifacts | ML Pipelines,BigQuery | Vertex AI Experiments | Vertex ML Metadata | Vertex AI Pipelines | Dataflow,"You are developing a TensorFlow Extended (TFX) pipeline with standard TFX components. The pipeline includes data preprocessing steps. After deploying the pipeline to production, it will process up to 100 TB of data stored in BigQuery. You need the data preprocessing steps to scale efficiently, publish metrics and parameters to Vertex AI Experiments, and track artifacts using Vertex ML Metadata. How should you configure the pipeline run?"
2026-10-18,3,"Producción, MLOps y monitorización",17,120,single_choice,Data pipeline | CI/CD | Event-driven architecture | Automation | Model training,Data cleaning | Model retraining | CI/CD | MLOps | ML pipelines | Model training,Cloud Storage | Kubeflow Pipelines | Google Kubernetes Engine (GKE) | Pub/Sub | Cloud Functions,"You work with a data engineering team that has developed a pipeline to clean your dataset and save it in a Cloud Storage bucket. You have created an ML model and want to use the data to refresh your model as soon as new data is available. As part of your CI/CD workflow, you want to automatically run a Kubeflow Pipelines training job on Google Kubernetes Engine (GKE). How should you architect this workflow?"
2026-10-18,3,"Producción, MLOps y monitorización",18,212,single_choice,Data reading | Model deployment | Pipeline execution | Caching | Cost optimization,MLOps | PyTorch | Feature engineering | Model training | Evaluation | Model deployment | Data processing,Kubeflow Pipelines | BigQuery | Vertex AI Pipelines | Cloud Storage,"You're using Kubeflow Pipelines to build an end-to-end PyTorch-based MLOps pipeline, which involves data reading from BigQuery, processing, feature engineering, model training, evaluation, and model deployment to Cloud Storage. You're developing code for different versions of feature engineering and model training steps, running each in Vertex AI Pipelines. However, each pipeline run is taking over an hour, slowing down your development process and potentially increasing costs. What's the best approach to speed up execution while avoiding additional costs?"
2026-10-18,3,"Producción, MLOps y monitorización",19,267,single_choice,Model deployment | Online prediction | Model monitoring | Feature drift detection | Model registration,Tabular ML model | Online predictions | Feature distribution | Feature drift detection | Instance schema,Vertex AI | Vertex AI Model Registry | Vertex AI Endpoints | Vertex AI Model Monitoring,"You are employed at a bank and have a custom tabular ML model provided by the bank's vendor. Unfortunately, the training data for this model is sensitive and unavailable. The model is packaged as a Vertex AI Model serving container, and it accepts a string as input for each prediction instance. Within these strings, feature values are separated by commas. Your objective is to deploy this model into production for online predictions while also monitoring the feature distribution over time with minimal effort. What steps should you take to achieve this?"
2026-10-18,3,"Producción, MLOps y monitorización",20,769,single_choice,ML Pipelines | Data processing | Model training | Model deployment | Pipeline orchestration | Event-driven triggers | Cost optimization,ML Pipelines | Data processing | Model training | Model deployment | Orchestration,Cloud Storage | Vertex AI Pipelines | Cloud Functions,"You are creating an ML pipeline for data processing, model training, and model deployment that uses different Google Cloud services. You have developed code for each individual task, and you expect a high frequency of new files. You now need to create an orchestration layer on top of these tasks. You only want this orchestration pipeline to run if new files are present in your dataset in a Cloud Storage bucket. You also want to minimize the compute node costs. What should you do?"
2026-10-18,3,"Producción, MLOps y monitorización",21,131,single_choice,Artifact storage | Metadata management | Pipeline automation | Experiment tracking,MLOps | ML experiments | Model retraining | Pipelines | Artifacts | Parameters | Source code | Model binaries,Vertex ML Metadata | Cloud Storage,You are building a MLOps platform to automate your company’s ML experiments and model retraining. You need to organize the artifacts for dozens of pipelines. How should you store the pipelines’ artifacts?
2026-10-18,3,"Producción, MLOps y monitorización",22,373,single_choice,Data ingestion | Data preprocessing | Model training | Hyperparameter tuning | Model deployment | Pipeline orchestration,Object detection | Computer vision | ML pipelines | Data preprocessing | Model training | Hyperparameter tuning | Model deployment | Pipeline orchestration,Cloud Storage | Vertex AI | Kubeflow Pipelines SDK,"You are developing an ML model that uses sliced frames from video feed and creates bounding boxes around specific objects. You want to automate the following steps in your training pipeline: ingestion and preprocessing of data in Cloud Storage, followed by training and hyperparameter tuning of the object model using Vertex AI jobs, and finally deploying the model to an endpoint. You want to orchestrate the entire pipeline with minimal cluster management. What approach should you use?"
2026-10-18,3,"Producción, MLOps y monitorización",23,377,single_choice,ML Pipelines | Workflow orchestration | Model training | Model deployment | Real-time serving | Automated retraining,Predictive modeling | Real-time predictions | Model retraining | MLOps | Model training | Model deployment,Kubeflow Pipelines,"Working for a public transportation company, a predictive model needs to be built in order to estimate delay times for multiple routes. Delivering these predictions directly to users in real-time via an app, the model must be retrained monthly due to seasonal and population fluctuations. To ensure this model follows Google-recommended best practices, how should the end-to-end architecture be configured?"
2026-10-18,3,"Producción, MLOps y monitorización",24,466,single_choice,Model deployment | Model monitoring | Request-response logging | Cost optimization | Drift detection,Data drift | Model monitoring | Sampling,Vertex AI | Vertex AI Model Monitoring | Vertex AI endpoint,"You have recently deployed a model to a Vertex AI endpoint, and you are encountering frequent data drift. To address this, you have enabled request-response logging and established a Vertex AI Model Monitoring job. However, you've noticed that your model is receiving higher traffic than initially anticipated. Your goal is to reduce the cost of model monitoring while still maintaining the ability to promptly detect drift. What step should you take?"
2026-10-18,3,"Producción, MLOps y monitorización",25,544,single_choice,Model deployment | Model serving | Data labeling | Model retraining | Training-serving skew detection | Batch jobs,Model deployment | Model evaluation | Human labeling | Model performance | Model retraining | Training-serving skew | Monitoring,General,"You have previously deployed an ML model into production, and as part of your ongoing maintenance, you collect all the raw requests directed to your model prediction service on a monthly basis. Subsequently, you select a subset of these requests for evaluation by a human labeling service to assess your model's performance. Over the course of a year, you have observed that your model's performance exhibits varying patterns: at times, there is a significant degradation in performance within a month, while in other instances, it takes several months before any noticeable decrease occurs. It's important to note that utilizing the labeling service incurs significant costs, but you also want to avoid substantial performance drops. In light of these considerations, you aim to establish an optimal retraining frequency for your model. This approach should enable you to maintain a consistently high level of performance while simultaneously minimizing operational costs. What steps should you take to achieve this?"
2026-10-18,3,"Producción, MLOps y monitorización",26,607,single_choice,Pipeline orchestration | Custom components,Training pipelines | Orchestration | Custom components,Kubeflow Pipelines,"You are the Director of Data Science at a large company, and your Data Science team has recently begun using the Kubeflow Pipelines SDK to orchestrate their training pipelines. Your team is struggling to integrate their custom Python code into the Kubeflow Pipelines SDK. How should you instruct them to proceed in order to quickly integrate their code with the Kubeflow Pipelines SDK?"
2026-10-18,3,"Producción, MLOps y monitorización",27,610,single_choice,Pipeline management | Custom components | Training pipelines,Training pipelines | MLOps | Containerization,Kubeflow Pipelines SDK,"As the Director of Data Science at a sizable company, your Data Science team has recently adopted the Kubeflow Pipelines SDK for managing their training pipelines. However, your team has encountered challenges when trying to seamlessly incorporate their custom Python code into the Kubeflow Pipelines SDK environment. What guidance should you provide to expedite the integration of their code with the Kubeflow Pipelines SDK?"
2026-10-18,3,"Producción, MLOps y monitorización",28,616,single_choice,ML pipeline | Custom Docker images | CI/CD | Model retraining | Workflow automation,ML pipeline | Preprocessing | Training | CI/CD | Unit tests | Integration tests | Model retraining,Vertex AI | Vertex AI Pipelines | Artifact Registry,"You've created a Vertex AI ML pipeline that involves preprocessing and training stages, and each of these stages operates within distinct custom Docker images. Within your organization, GitHub and GitHub Actions are employed for continuous integration and continuous deployment (CI/CD) to perform unit and integration tests. To automate the model retraining process, you seek a workflow that can be triggered manually and automatically whenever new code is merged into the main branch. Your goal is to streamline the workflow while maintaining flexibility. How should you set up and configure the CI/CD workflow to achieve this?"
2026-10-18,3,"Producción, MLOps y monitorización",29,617,single_choice,Data pipeline | Model training automation | Event-driven architecture | CI/CD workflow,MLOps | CI/CD | Model training | Continuous training | ML Pipelines | Data preprocessing,Cloud Storage | Google Kubernetes Engine | Kubeflow Pipelines | Pub/Sub | Cloud Functions,"To keep your ML model up-to-date, you need to automatically refresh it with new data as soon as it is available. To achieve this, you can leverage the data engineering team‘s pipeline to clean and save the dataset in a Cloud Storage bucket. Furthermore, you can use Google Kubernetes Engine (GKE) and Kubeflow Pipelines to automate the training job as part of your CI/CD workflow. How can you best architect this workflow?"
2026-10-18,3,"Producción, MLOps y monitorización",30,751,single_choice,Model deployment | Model monitoring | ML Pipelines | Model serving,TensorFlow | Tabular data | Preprocessing | Model validation | Prediction drift | Feature data distribution | Model monitoring | Sampling,BigQuery | Vertex AI | TensorFlow Extended (TFX),"After deploying a complex TensorFlow model trained on tabular data to production, you want to predict the lifetime value (LTV) field for each subscription stored in the BigQuery table named ‘subscriptionPurchase‘ in the project named ‘my-fortune500-company-project‘ . To make this process more efficient, you have organized all your training code from preprocessing data up to deploying the validated model to the Vertex AI endpoint into a TensorFlow Extended (TFX) pipeline. To prevent prediction drift, i.e. a situation when a feature data distribution changes significantly over time, what should you do?"
2026-10-18,3,"Producción, MLOps y monitorización",31,765,single_choice,Data ingestion | Data preprocessing | Model training | Hyperparameter tuning | Model deployment | Pipeline orchestration | Model serving,Object detection | Pipeline automation | Data ingestion | Data preprocessing | Hyperparameter tuning | Model training | Model deployment,Cloud Storage | Vertex AI | Vertex AI Pipelines | Kubeflow Pipelines SDK,"You are in the process of building an ML model that analyzes segmented frames extracted from a video feed and generates bounding boxes around specific objects. Your goal is to automate various stages of your training pipeline, which include data ingestion and preprocessing from Cloud Storage, training the object model along with hyperparameter tuning using Vertex AI jobs, and ultimately deploying the model to an endpoint. To orchestrate the entire pipeline while minimizing the need for cluster management, which approach should you adopt?"
2026-10-18,3,"Producción, MLOps y monitorización",32,208,single_choice,Model deployment | Model monitoring | Skew detection | Drift detection,Deep learning | Image classification | Model deployment | Data drift | Model monitoring | Feature attribution | Training-serving skew | Drift detection,Vertex AI,"You built a deep learning-based image classification model by using on-premises data. You want to use Vertex AI to deploy the model to production. Due to security concerns, you cannot move your data to the cloud. You are aware that the input data distribution might change over time. You need to detect model performance changes in production. What should you do?"
2026-10-18,3,"Producción, MLOps y monitorización",33,266,single_choice,Artifact management | Metadata management | Model storage | Pipeline automation,MLOps | Machine learning experiments | Model retraining | Pipelines | Artifact management | Parameters | Model source code | Model binaries,Vertex ML Metadata | Cloud Storage,You are in the process of developing an MLOps platform to automate your company's machine learning experiments and model retraining. You require an efficient way to manage the artifacts for multiple pipelines. How should you go about organizing the pipelines' artifacts?
2026-10-18,3,"Producción, MLOps y monitorización",34,407,single_choice,ML Pipelines | Data processing | Model training | Model deployment | Orchestration | Event-driven orchestration | Cost optimization,ML Pipelines | Data processing | Model training | Model deployment | Orchestration | Cost optimization,Cloud Storage | Vertex AI Pipelines | Cloud Functions,"You are designing an ML pipeline for data processing, model training, and deployment using various Google Cloud services, and you have developed code for each task. Given the high frequency of new file arrivals, you need an orchestration layer that initiates only when new files appear in your Cloud Storage bucket. Additionally, you want to minimize compute node costs. What approach should you take?"
2026-10-18,3,"Producción, MLOps y monitorización",35,489,single_choice,Model deployment | Model serving | Model monitoring | Training-serving skew detection | Batch jobs | Data labeling,Model deployment | Model performance | Human labeling | Model retraining | Training-serving skew | Batch processing | Feature statistics,General,"After deploying an ML model into production a year ago, every month a subset of raw requests sent to the model prediction service are sent to a human labeling service to evaluate performance. After a year, it is observed that the model‘s performance can sometimes significantly drop after a month, other times it takes several months to notice any decrease in performance. As the labeling service incurs a cost, it is necessary to find a way to maintain a high level of performance while minimizing cost. What strategy should be adopted to determine how often the model should be retrained to achieve this?"
2026-10-18,3,"Producción, MLOps y monitorización",36,638,single_choice,Pipeline orchestration | Data preprocessing | Infrastructure management | PySpark workloads,MLOps | Model retraining | Tree-based models | Data ingestion | Data processing | Model training | Model evaluation | Model deployment,Vertex AI Pipelines | Dataproc,"You are tasked with building an MLOps pipeline to retrain tree-based models in production. The pipeline will include components related to data ingestion, data processing, model training, model evaluation, and model deployment. Your organization primarily uses PySpark-based workloads for data preprocessing. You want to minimize infrastructure management effort. How should you set up the pipeline?"
2026-10-18,3,"Producción, MLOps y monitorización",37,689,single_choice,Model training pipeline | Model deployment | Model serving | Dataset creation | Custom training,Model training | Sentiment analysis | Hyperparameter tuning | Model deployment | Natural Language Processing,Vertex AI | Vertex AI Pipelines | Google Cloud Pipeline Components,"You are creating a model training pipeline to predict sentiment scores from text-based product reviews. You want to have control over how the model parameters are tuned, and you will deploy the model to an endpoint after it has been trained. You will use Vertex AI Pipelines to run the pipeline. You need to decide which Google Cloud pipeline components to use. What components should you choose?"
2026-10-18,3,"Producción, MLOps y monitorización",38,754,single_choice,Preprocessing pipeline | Model training | Real-time serving | Training-serving skew prevention,Preprocessing | Stateful transformations | Global normalization | Vocabulary creation | Training-serving skew | Real-time serving | Model artifact,Dataflow | Vertex AI | TFX | TensorFlow Transform,"An ML Engineer is building a large-scale preprocessing pipeline using Apache Beam (Dataflow) for a model trained on Vertex AI. The pipeline must perform complex, stateful transformations (e.g., global normalization, vocabulary creation) that must be applied identically during both training and real-time serving. Which component or library within the TFX ecosystem is designed to embed the transformation logic into the model artifact itself to guarantee training-serving skew prevention ?"
2026-10-18,3,"Producción, MLOps y monitorización",39,789,multiple_choice,ML Pipelines | Managed services | Model training | Model deployment | Cloud storage | Hybrid cloud,Model training | Model deployment | ML Pipelines | Model management | Tensorflow,Vertex AI | Vertex Pipelines | Kubeflow Pipelines | Cloud Storage FUSE,"In your company, you train and deploy several ML models with Tensorflow. You use on-prem servers, but you often find it challenging to manage the most expensive training. Checking and updating models create additional difficulties. You are undecided whether to use Vertex Pipelines and Kubeflow Pipelines. You wonder if starting from Kubeflow, you can later switch to a more automated and managed system like Vertex AI. Which of these answers are correct (pick 4)?"
2026-10-18,3,"Producción, MLOps y monitorización",40,811,single_choice,Data pipeline | Stream processing | Model retraining | Model deployment | Managed services | Serverless | ML pipelines | VM clusters,Machine learning models | Data preprocessing | Model retraining | Model deployment | ML pipelines | Feature engineering | Model evaluation | Containerization,Dataflow | Vertex AI,"Your company supplies environmental management services and has a network of sensors that acquire information uploaded to the Cloud to be pre-processed and managed with some ML models with dynamic dashboards used by customers. Periodically, the models are retrained and re-deployed, with a rather complex pipeline on VM clusters: New data is streamed from Dataflow Data is transformed through aggregations and normalizations (z-scores) The model is periodically retrained and evaluated New Docker images are created and stored You want to simplify the pipeline as much as possible and use fully managed or even serverless services as far as you can. Which do you choose from the following services?"
2026-10-18,3,"Producción, MLOps y monitorización",41,926,single_choice,Workflow orchestration | Model training | Model deployment | Real-time serving | MLOps,Model retraining | Real-time predictions | MLOps | Model training | Model deployment,Kubeflow Pipelines,"You work for a public transportation company and need to build a model to estimate delay times for multiple transportation routes. Predictions are served directly to users in an app in real time. Because different seasons and population increases impact the data relevance, you will retrain the model every month. You want to follow Google-recommended best practices. How should you configure the end-to-end architecture of the predictive model?"
2026-10-19,3,"Producción, MLOps y monitorización",1,235,single_choice,Model deployment | Model serving | Autoscaling | Monitoring | Endpoint configuration,Model deployment | Monitoring | Scalability | Latency | Production traffic | Scikit-learn,Vertex AI,"You have recently deployed a scikit-learn model to a Vertex AI endpoint and are now in the process of testing it with live production traffic. While monitoring the endpoint, you've noticed that the number of requests per hour is twice as high as initially expected throughout the day. Your goal is to ensure that the endpoint can efficiently scale to meet increased demand in the future, thus preventing users from experiencing high latency. What actions should you take to address this situation?"
2026-10-19,3,"Producción, MLOps y monitorización",2,315,single_choice,Model deployment | Model serving | Model registration | Batch prediction job,scikit-learn | Online prediction | Batch prediction | Preprocessing | Model inference | Model packaging | Containerization,Vertex AI | Vertex AI Model Registry | Vertex AI Endpoints | Custom Prediction Routine (CPR),You have recently trained a scikit-learn model that you plan to deploy on Vertex AI. This model will support both online and batch prediction. You need to preprocess input data for model inference. You want to package the model for deployment while minimizing additional code.
2026-10-19,3,"Producción, MLOps y monitorización",3,335,single_choice,Model deployment | Model serving | Prediction pipeline,Prediction | Model latency | Prediction pipeline,App Engine | Cloud Bigtable | Vertex AI Prediction,"Working for an online travel agency that offers advertising solutions, you have been directed to predict the most appropriate web banner for a user to view next. Security is a top priority, and the model latency requirement is 300ms@p99. With thousands of banners in the inventory and exploratory analysis indicating that navigation context is a strong predictor, you need to find the simplest solution for implementation. How should you configure the prediction pipeline?"
2026-10-19,3,"Producción, MLOps y monitorización",4,414,single_choice,Data ingestion | Data pipeline | Model serving | Real-time prediction,Anomaly detection | Real-time prediction | Serving latency | TensorFlow,Dataflow | Pub/Sub | BigQuery,"You are currently involved in the development of a system log anomaly detection model for a cybersecurity organization. This model, built with TensorFlow, is intended for real-time prediction. To facilitate this, you're tasked with setting up a Dataflow pipeline for data ingestion via Pub/Sub and subsequent storage of results in BigQuery. Your primary objective is to minimize serving latency. What steps should you take to achieve this goal?"
2026-10-19,3,"Producción, MLOps y monitorización",5,421,single_choice,Model deployment | Model serving | Traffic splitting | Model versioning | Online prediction,Regression | Online predictions | Custom model | Model performance | Monitoring | Traffic splitting | Model versioning,BigQuery ML | Vertex AI | Vertex AI Model Registry | Vertex AI endpoint,You work for a retail company that is using a regression model built with BigQuery ML to predict product sales. This model is being used to serve online predictions. Recently you developed a new version of the model that uses a different architecture (custom model). Initial analysis revealed that both models are performing as expected. You want to deploy the new version of the model to production and monitor the performance over the next two months. You need to minimize the impact to the existing and future model users. How should you deploy the model?
2026-10-19,3,"Producción, MLOps y monitorización",6,529,single_choice,Model serving | Model deployment | Custom container | Custom prediction routine,XGBoost | Online serving | Pre-processing | Post-processing | Model deployment,Google Kubernetes Engine (GKE) | Vertex AI | Vertex AI Model Registry | Vertex AI endpoint,"You have recently employed XGBoost to train a Python-based model designed for online serving. Your model prediction service will be accessed by a backend service built in Golang, operating on a Google Kubernetes Engine (GKE) cluster. Your model necessitates both pre-processing and post-processing steps, which must be executed during serving. Your primary objectives are to minimize code alterations, reduce infrastructure maintenance, and expedite the deployment of your model into a production environment. What steps should you take to accomplish these goals?"
2026-10-19,3,"Producción, MLOps y monitorización",7,564,single_choice,Model deployment | Model serving | Traffic splitting | Managed infrastructure | Online prediction | Model monitoring,Online prediction | Low-latency inference | Canary rollouts | Model monitoring | PyTorch,Vertex AI | Vertex AI Endpoints,"Scenario: Your company plans to deploy a custom ML model to predict customer churn. The data science team has provided a notebook with a working PyTorch model prototype, and the business requires a low-latency, online prediction endpoint. The solution must be fully managed on Google Cloud to minimize infrastructure overhead and support canary rollouts for new model versions. Question: As a Professional Machine Learning Engineer, which Google Cloud service should you use as the primary platform to meet these requirements for serving the model?"
2026-10-19,3,"Producción, MLOps y monitorización",8,720,single_choice,Private endpoints | Model serving | Service accounts | IAM Conditions | Access control,Model deployment | Real-time inference | Security,Vertex AI | Google Kubernetes Engine (GKE) | Identity and Access Management (IAM) | Virtual Private Cloud (VPC),"An ML Engineer deploys a sensitive model to a Vertex AI Private Endpoint that only accepts requests from internal Google Kubernetes Engine (GKE) clusters. To prevent unauthorized access and potential data leakage during real-time inference, the model must only accept requests containing validated credentials from the internal service. Which Google Cloud Identity and Access Management (IAM) best practice should the engineer enforce on the GKE service account to securely authorize calls to the Vertex AI Private Endpoint?"
2026-10-19,3,"Producción, MLOps y monitorización",9,723,single_choice,Model deployment | Model serving | Model monitoring | Continuous evaluation | Alerting,Model retraining | Feature attribution drift | Continuous evaluation | Evaluation metrics | Feature attribution,Vertex AI | Cloud Logging,You developed an ML model using Vertex AI and deployed it to a Vertex AI endpoint. You anticipate that the model will need to be retrained as new data becomes available. You have configured a Vertex AI Model Monitoring Job. You need to monitor the model for feature attribution drift and establish continuous evaluation metrics. What should you do?
2026-10-19,3,"Producción, MLOps y monitorización",10,144,single_choice,Model deployment | Model serving | Traffic routing | Model versioning,MLOps | Model deployment | Model versioning | Shadow deployment | Automated re-training | Deployment strategies,Vertex AI | Vertex AI Prediction,You recently used Vertex AI Prediction to deploy a custom-trained model in production. The automated re-training pipeline made available a new model version that passed all unit and infrastructure tests. You want to define a rollout strategy for the new model version that guarantees an optimal user experience with zero downtime. What should you do?
2026-10-19,3,"Producción, MLOps y monitorización",11,151,single_choice,Model deployment | Model evaluation | Model versioning | Artifact storage,Model training | Model deployment | Model evaluation | Model testing | Model artifacts | ML Pipelines | Model versioning,Kubeflow | Cloud Storage | Vertex AI,You work on a team where the process for deploying a model into production starts with data scientists training different versions of models in a Kubeflow pipeline. The workflow then stores the new model artifact into the corresponding Cloud Storage bucket. You need to build the next steps of the pipeline after the submitted model is ready to be tested and deployed in production on Vertex AI. How should you configure the architecture before deploying the model to production?
2026-10-19,3,"Producción, MLOps y monitorización",12,161,single_choice,Model development | Model deployment | Model monitoring | Explainable AI | Feature distribution drift,Neural networks | Model explainability | Model monitoring | Feature distribution drift | Sampled Shapley,Vertex AI | Vertex Explainable AI | Vertex AI Model Monitoring,"You work at a bank, and your task is to develop a credit risk model to support loan application decisions. You've chosen to implement this model using a neural network in TensorFlow. Regulatory requirements mandate that you should be able to explain the model's predictions based on its features. Additionally, when the model is deployed, you want to continuously monitor its performance over time. To achieve this, you have opted to utilize Vertex AI for both model development and deployment. What should be your course of action?"
2026-10-19,3,"Producción, MLOps y monitorización",13,168,single_choice,Model retraining | Model deployment | Model monitoring | Feature drift monitoring,Model retraining | Feature drift | Monitoring | Prediction,BigQuery ML | Vertex AI,"You are employed at a pharmaceutical company in Canada, and your team has developed a BigQuery ML model for predicting the monthly flu infection count in Canada. Weather data is updated weekly, while flu infection statistics are updated monthly. Your task is to establish a model retraining policy that minimizes expenses. What would you recommend?"
2026-10-19,3,"Producción, MLOps y monitorización",14,352,single_choice,ML pipelines | Experiment tracking | Custom model training | Pipeline parameters,ML pipeline | Hyperparameter tuning | Boosted tree regressor | Optimizer learning rate | F1 score | Training time | Model complexity | Reproducibility | Experiment tracking | Evaluation,Vertex AI Experiments | Vertex AI Pipelines | Vertex AI,"You created an ML pipeline with multiple input parameters. You want to investigate the tradeoffs between different parameter combinations. The parameter options are • Input dataset • Max tree depth of the boosted tree regressor • Optimizer learning rate You need to compare the pipeline performance of the different parameter combinations measured in F1 score, time to train, and model complexity. You want your approach to be reproducible, and track all pipeline runs on the same platform. What should you do?"
2026-10-19,3,"Producción, MLOps y monitorización",15,354,single_choice,Model deployment | Model serving | Traffic splitting | Monitoring,Recommendation systems | Model deployment | Model retraining | Offline evaluation | A/B testing | Canary deployment | Metrics | Traffic splitting,Vertex AI,You work for an organization that operates a streaming music service. You have a custom production model that is serving a “next song” recommendation based on a user's recent listening history. Your model is deployed on a Vertex AI endpoint. You recently retrained the same model by using fresh data. The model received positive test results offline. You now want to test the new model in production while minimizing complexity. What should you do?
2026-10-19,3,"Producción, MLOps y monitorización",16,449,single_choice,ML Pipelines | Data processing | Error handling | Pipeline configuration,MLOps | ML Pipelines | Feature Engineering | Error Handling,Vertex AI | Kubeflow Pipelines (KFP),"An ML Engineer is running a critical, multi-stage Vertex AI Pipeline . The pipeline is highly dependent on a third-party API call made during the feature processing component. This API frequently experiences intermittent failures. What is the most robust and professional way to configure the pipeline component to automatically handle these transient errors and minimize overall pipeline failure without manual intervention?"
2026-10-19,3,"Producción, MLOps y monitorización",17,549,single_choice,Model deployment | Batch prediction | Custom containers | Logging | Model serving,Model training | Model serving | Batch prediction | Containerization | Troubleshooting,Vertex AI | Vertex AI Model Registry,"You trained a model, packaged it with a custom Docker container for serving, and deployed it to Vertex AI Model Registry. When you submit a batch prediction job, it fails with this error: ""Error model server never became ready. Please validate that your model file or container configuration are valid."" There are no additional errors in the logs. What should you do?"
2026-10-19,3,"Producción, MLOps y monitorización",18,593,single_choice,Model monitoring | Model retraining | Monitoring and Alerting | Model deployment,Deep Learning | Regression | Data drift | Training-serving skew | Model retraining | MLOps,General,"Your team successfully trained and tested a DNN regression model, but six months post-deployment, its performance has declined due to changes in the input data distribution. What approach should you take to tackle these differences in the input data in the production environment?"
2026-10-19,3,"Producción, MLOps y monitorización",19,634,single_choice,Model deployment | Model monitoring | Feature attribution drift monitoring | Tabular AutoML,AutoML | Feature importance | Model monitoring | Feature attribution | Drift detection | Sampling,Vertex AI,"You are working at a hospital and have received approval to collect patient data for machine learning purposes. Using this data, you trained a Vertex AI tabular AutoML model to predict patient risk scores for hospital admissions. The model has been deployed, but you are concerned that over time, changes in patient demographics might alter the relationships between features, potentially affecting prediction accuracy. To address this, you need a cost-effective way to monitor for such changes and understand feature importance in the predictions. What should you do?"
2026-10-19,3,"Producción, MLOps y monitorización",20,706,single_choice,Data pipeline | Model productionization | Batch prediction | Pipeline orchestration | Scheduling | Model import,Classification | Tabular data | Training | Prediction | Batch prediction | Data transformation,TensorFlow | Dataflow | BigQuery | Vertex AI | Vertex AI Pipelines,"You have recently used TensorFlow to train a classification model on tabular data. You have created a Dataflow pipeline that can transform several terabytes of data into training or prediction datasets consisting of TFRecords. You now need to productionize the model, and you want the predictions to be automatically uploaded to a BigQuery table on a weekly schedule. What should you do?"
2026-10-19,3,"Producción, MLOps y monitorización",21,734,single_choice,Model training | Model deployment | Model serving | Real-time predictions | Model monitoring,Model training | Model evaluation | Metrics | AUC | Model performance | Training-serving skew | Churn prediction,Vertex AI,"You are building an ML model to predict customer churn for a subscription service. You have trained your model on Vertex AI using historical data, and deployed it to a Vertex AI endpoint for real-time predictions. After a few weeks, you notice that the model's performance, measured by AUC (area under the ROC curve), has dropped significantly in production compared to its performance during training. How should you troubleshoot this problem?"
2026-10-19,3,"Producción, MLOps y monitorización",22,785,single_choice,Model monitoring | Drift detection | Feature attribution | Prediction sampling,Model monitoring | Drift detection | Feature drift | Feature attribution | Sampling,Vertex AI | Vertex AI Model Monitoring,"You've created a custom model using Vertex AI to predict your company's product sales, relying on historical transactional data. You foresee potential shifts in feature distributions and correlations between these features in the near future. Additionally, you anticipate a significant influx of prediction requests. In light of this, you intend to employ Vertex AI Model Monitoring for drift detection while keeping costs to a minimum. What step should you take to achieve this?"
2026-10-19,3,"Producción, MLOps y monitorización",23,796,single_choice,Model deployment | Model serving | Model monitoring | Alerting,Recommendation Systems | Data Drift | Prediction Drift | Model Performance Decay,Vertex AI | Vertex AI Model Monitoring,"A high-volume recommendation model is deployed on a Vertex AI Endpoint . The Machine Learning Engineer needs to proactively identify when the distribution of the input features (e.g., user purchase frequency) begins to change significantly over time, which would signal potential model performance decay. Which built-in Vertex AI Model Monitoring capability should the engineer configure to trigger an alert based on this type of data change?"
2026-10-19,3,"Producción, MLOps y monitorización",24,814,single_choice,Pipeline development | Data querying | Data orchestration | Pipeline components,MLOps | Pipelines,Google Kubernetes Engine | BigQuery | Kubeflow,You are developing a Kubeflow pipeline on Google Kubernetes Engine. The first step in the pipeline is to issue a query against BigQuery. You plan to use the results of that query as the input to the next step in your pipeline. You want to achieve this in the easiest way possible. What should you do?
2026-10-19,3,"Producción, MLOps y monitorización",25,839,single_choice,Model deployment | Online prediction | Model registry | Model serving,AutoML | Regression | Model training | Model deployment | Online prediction,BigQuery ML | Vertex AI | Vertex AI Model Registry | Vertex AI endpoint,You recently used BigQuery ML to train an AutoML regression model. You shared results with your team and received positive feedback. You need to deploy your model for online prediction as quickly as possible. What should you do?
2026-10-19,3,"Producción, MLOps y monitorización",26,873,single_choice,Model serving | Model deployment | Managed services | ML platform,Classification | Text classification | Transfer learning | Model serving | Model deployment | ML pipelines,Kubeflow | Vertex AI | TensorFlow,"Your team has been tasked with creating an ML solution in Google Cloud to classify support requests for one of your platforms. You analyzed the requirements and decided to use TensorFlow to build the classifier so that you have full control of the model's code, serving, and deployment. You will use Kubeflow pipelines for the ML platform. To save time, you want to build on existing resources and use managed services instead of building a completely new model. How should you build the classifier?"
2026-10-19,3,"Producción, MLOps y monitorización",27,140,single_choice,Model training | Model deployment | Online prediction | Model registration | Model serving,Regression | AutoML | Online prediction | Model deployment | Training,BigQuery ML | Vertex AI | Vertex AI Model Registry | Vertex AI endpoint,You recently used BigQuery ML to train an Vertex AI AutoML regression model. You shared the results with your team and received positive feedback. You need to deploy your model for online prediction as quickly as possible. What should you do?
2026-10-19,3,"Producción, MLOps y monitorización",28,201,single_choice,Artifact storage | Model versioning | Metadata management | Model deployment,Model versioning | Artifact management | ML pipelines | Model serialization | MLOps,Cloud Storage | Vertex AI Model Registry,"An ML Engineer is tasked with managing thousands of model versions (artifacts) generated by automated retraining pipelines. These models are large (several GB each) and need to be securely versioned, easily retrieved by the deployment system, and kept separate from raw data files. Which Google Cloud service combination is the most cost-effective and operationally sound solution for storing and managing these final, serialized model artifacts before deployment?"
2026-10-19,3,"Producción, MLOps y monitorización",29,220,single_choice,ML Pipelines | Pipeline automation | Monitoring | Logging,ML Pipelines | Automation | Monitoring | Logging | MLOps,General,"In ML pipeline automation, why is it important to monitor and log pipeline activities?"
2026-10-19,3,"Producción, MLOps y monitorización",30,227,single_choice,Real-time predictions | Data ingestion | Model deployment | Traffic splitting | Model serving | Vertex AI endpoint,Sentiment analysis | Real-time predictions | Model versioning | Traffic splitting,Dataflow | Pub/Sub | Vertex AI,"You have developed an ML model to detect the sentiment of users’ posts on your company's social media page to identify outages or bugs. You are using Dataflow to provide real-time predictions on data ingested from Pub/Sub. You plan to have multiple training iterations for your model and keep the latest two versions live after every run. You want to split the traffic between the versions in an 80:20 ratio, with the newest model getting the majority of the traffic. You want to keep the pipeline as simple as possible, with minimal management required. What should you do?"
2026-10-19,3,"Producción, MLOps y monitorización",31,290,single_choice,Custom training | Batch prediction | Lineage tracking | Pipeline orchestration,Model training | Batch prediction | Lineage | MLOps | ML Pipelines,Vertex AI | Vertex AI Pipelines,You are developing a batch process that will train a custom model and perform predictions. You need to be able to show lineage for both your model and the batch predictions. What should you do?
2026-10-19,3,"Producción, MLOps y monitorización",32,321,single_choice,Model deployment | Model monitoring | Model retraining,Regression | Deep Learning | Training-serving skew | Data drift | Model monitoring | Model retraining,General,"After successfully training and testing a DNN regression model, it was deployed with successful results. However, after six months, the model‘s performance has deteriorated due to a change in the distribution of the input data. What is the best way to tackle the disparities between the input data in production?"
2026-10-19,3,"Producción, MLOps y monitorización",33,349,single_choice,Model deployment | Model serving | Vertex AI Endpoints | Online prediction,Deep learning | Recommendation models | Latency | Throughput | Online prediction | Model serving,Vertex AI,"An ML Engineering team is deploying a large-scale, low-latency recommendation model that uses a deep learning architecture with hundreds of millions of parameters. The model must return predictions in under 50 milliseconds. To meet the high throughput and low-latency requirements for this model served on Vertex AI , which combination of deployment choices is the most appropriate?"
2026-10-19,3,"Producción, MLOps y monitorización",34,362,single_choice,Experiment tracking | ML pipelines | Custom training,ML pipelines | Hyperparameter tuning | Boosted trees | Regression | Optimization | Metrics | Evaluation | Reproducibility | Experiment tracking,Vertex AI Experiments | Vertex AI Pipelines | Vertex AI,"You have established an ML pipeline featuring various input parameters, and your objective is to explore the trade-offs among different combinations of these parameters. The parameters in question include: - The input dataset - The maximum tree depth for the boosted tree regressor - The learning rate for the optimizer You need to assess the pipeline's performance for the various parameter combinations, evaluating them in terms of F1 score, training time, and model complexity. It is essential for your methodology to be reproducible, and you aim to track all runs of the pipeline on a consistent platform. What steps should you take to achieve this?"
2026-10-19,3,"Producción, MLOps y monitorización",35,392,single_choice,Model deployment | Model monitoring | Data storage | Prediction,TensorFlow | Tabular data | Prediction drift | Feature data distribution | Model monitoring | Sampling | Lifetime value (LTV),BigQuery,"You have effectively deployed a substantial and intricate TensorFlow model that was trained on tabular data. Your objective is to predict the lifetime value (LTV) field for each subscription, which is stored in the BigQuery table named ""subscription.subscriptionPurchase"" within the ""my-fortune500-company-project"" project. To ensure that prediction drift is prevented, which refers to significant changes in feature data distribution in production over time, what steps should you take?"
2026-10-19,3,"Producción, MLOps y monitorización",36,411,single_choice,Model deployment | Model serving | Model versioning | Traffic splitting,Model deployment | Model serving | Model versioning | Traffic management,Vertex AI | Vertex AI Model Registry,You are deploying a new version of a model to a production Vertex Al endpoint that is serving traffic. You plan to direct all user traffic to the new model. You need to deploy the model with minimal disruption to your application. What should you do?
2026-10-19,3,"Producción, MLOps y monitorización",37,446,single_choice,Data pipeline | Data ingestion | Model deployment | Model serving | Stream processing | Online prediction,Anomaly detection | Latency optimization,Dataflow | Pub/Sub | BigQuery | Vertex AI,"In order to ensure maximum efficiency in the anomaly detection model for a cybersecurity organization, a Dataflow pipeline has been developed using TensorFlow. This pipeline will allow for the ingestion of data by Pub/Sub and the results will be written to BigQuery. To minimize latency in the system, what steps should be taken?"
2026-10-19,3,"Producción, MLOps y monitorización",38,571,single_choice,Model deployment | Model serving | Model monitoring | Model retraining,Model retraining | Feature drift | Model monitoring | Prediction,BigQuery ML | Vertex AI,"You work for a pharmaceutical company based in Canada. Your team developed a BigQuery ML model to predict the number of flu infections for the next month in Canada. Weather data is published weekly, and flu infection statistics are published monthly. You need to configure a model retraining policy that minimizes cost. What should you do?"
2026-10-19,3,"Producción, MLOps y monitorización",39,586,single_choice,Model deployment | Model monitoring | Model retraining,Model monitoring | Model performance | Model retraining | Metrics | Continuous training,Vertex AI | Vertex AI Model Monitoring,You are responsible for managing and monitoring a Vertex AI model that is deployed in production. You want to automatically retrain the model when its performance deteriorates. What should you do?
2026-10-19,3,"Producción, MLOps y monitorización",40,597,single_choice,Model deployment | MLOps pipeline,Sentiment analysis | Performance metrics | F1 score | Concept drift | Model retraining | MLOps | Data labeling,Vertex AI,"An ML Engineer has deployed a sentiment analysis model on Vertex AI . Over several months, the model’s performance metrics (e.g., F1 score) calculated on labeled ground truth data are slowly decaying, even though the distribution of the raw input text features has remained stable. This scenario most likely indicates which type of model failure, and what is the primary solution in the MLOps pipeline?"
2026-10-20,3,"Producción, MLOps y monitorización",1,639,single_choice,ML pipeline automation | Pipeline orchestration | Pipeline scheduling,MLOps | ML pipeline automation | Orchestration | Scheduling,General,Which phase of ML pipeline automation is responsible for scheduling and triggering pipeline executions?
2026-10-20,3,"Producción, MLOps y monitorización",2,856,single_choice,Real-time predictions | Traffic splitting | Model deployment | Model serving | Pipeline management,Sentiment analysis | Real-time inference | Model training | Traffic splitting | ML Pipelines,Dataflow | Pub/Sub | Vertex AI,"To accurately detect user sentiment on the company’s social media page, an ML model has been developed. Dataflow is being used to generate real-time predictions from Pub/Sub data. To ensure the model is up-to-date, multiple training iterations are planned, with the latest two versions staying live after each run. To maximize the efficiency of the model, a split traffic approach can be implemented, with the newest version receiving the majority of the traffic (80:20 ratio). What is the simplest way to manage this pipeline, while minimizing the amount of management required?"
2026-10-20,3,"Producción, MLOps y monitorización",3,896,single_choice,ML Pipelines | Metadata management | Experiment tracking,Experimentation | Model architecture | Hyperparameter tuning | Metrics | Experiment tracking,Vertex AI Pipelines | Vertex ML Metadata | Vertex AI API,"To facilitate quick experimentation with features, model architectures, and hyperparameters, and to keep track of accuracy metrics, an API is needed to query them over time. What solution can the data science team use to minimize manual effort while tracking and reporting on their experiments?"
2026-10-20,3,"Producción, MLOps y monitorización",4,910,single_choice,Pipeline automation | Pipeline components | Logging metrics | Comparing executions | Visualizing metrics,Model training | Metrics | Collaboration | Experiment tracking | Visualization | ML Pipelines,Vertex AI | Vertex AI Pipelines | Vertex ML Metadata | Vertex AI Experiments | Vertex AI TensorBoard,You have created a Vertex AI pipeline that automates custom model training. You want to add a pipeline component that enables your team to collaborate most easily when running different executions and comparing metrics both visually and programmatically. What should you do?
2026-10-20,3,"Producción, MLOps y monitorización",5,925,single_choice,Autoscaling | Online prediction | Model serving | Canary deployment | Traffic splitting,Canary testing | Online prediction | Model retraining | Performance analysis | Latency,Vertex AI,"You are employed by a small company that has implemented an ML model using autoscaling on Vertex AI to provide online predictions within a production setting. Currently, the model handles approximately 20 prediction requests per hour, with an average response time of one second. However, you've recently retrained the same model using fresh data and are now conducting a canary test by directing approximately 10% of the production traffic to this updated model. During this canary test, you've observed that prediction requests for the new model are taking anywhere from 30 to 180 seconds to finish. What step should you take to address this issue?"
2026-10-20,3,"Producción, MLOps y monitorización",6,933,single_choice,Kubeflow Pipelines SDK | Custom components | Pipeline orchestration,ML Pipelines | MLOps | Custom components,Kubeflow,"As Director of Data Science for a major company, you have witnessed your team‘s struggles as they attempt to incorporate their own Python code into the Kubeflow Pipelines SDK. What advice would you give them to expedite this integration?"
2026-10-20,3,"Producción, MLOps y monitorización",7,190,single_choice,ML Pipelines | Orchestration | Programmatic access,Experimentation | Hyperparameter tuning | Metrics | Evaluation | Experiment tracking,Kubeflow Pipelines,"Your data science team is tasked with conducting rapid experiments involving various features, model architectures, and hyperparameters. They need an efficient way to track the accuracy metrics of these experiments and access the metrics programmatically over time. What approach should they take to achieve this while minimizing manual effort?"
2026-10-20,3,"Producción, MLOps y monitorización",8,196,multiple_choice,ML Pipelines | Lineage | Reproducibility | Artifact management,MLOps | Reproducibility | Lineage | Auditing | ML Pipelines,Vertex AI Pipelines | Vertex AI | Vertex ML Metadata | Artifact Registry,"In a production Vertex AI Pipelines environment, an ML Engineer needs to ensure that the exact code, dependencies, training data snapshot, and resulting model artifacts can be recreated and audited months later. Which two Vertex AI services or artifacts are essential for establishing this level of end-to-end lineage and reproducibility within the pipeline? (Select Two)"
2026-10-20,3,"Producción, MLOps y monitorización",9,213,single_choice,Model deployment | Traffic splitting | Model serving | Monitoring,Recommendation systems | Model retraining | Offline testing | Online testing | Traffic splitting | Metrics | Monitoring,Vertex AI,"You're employed by an organization running a streaming music service with a custom production model providing ""next song"" recommendations based on user listening history. The model is deployed on a Vertex AI endpoint and recently retrained with fresh data, showing positive offline test results. Now, you aim to test the new model in production with minimal complexity. What approach should you take?"
2026-10-20,3,"Producción, MLOps y monitorización",10,221,single_choice,Model deployment | Online prediction | Data preprocessing | Event-driven architecture,Data preprocessing | Model training | Online prediction | Inference,Vertex AI | Pub/Sub | Cloud Functions,You have trained a model on a dataset that required computationally expensive preprocessing operations. You need to execute the same preprocessing at prediction time. You deployed the model on Al Platform for high-throughput online prediction. Which architecture should you use?
2026-10-20,3,"Producción, MLOps y monitorización",11,231,single_choice,Model deployment | Model serving | Notifications,Forecasting | Prediction | Model deployment | Model serving,Firebase | Firebase Cloud Messaging,"Your team is developing an application for a global bank, expected to be used by millions of customers. As part of this project, you've built a forecasting model that predicts customers' account balances three days into the future. The goal is to use these predictions to implement a new feature that will notify users when their account balance is likely to fall below $25. How should you deploy and serve these predictions?"
2026-10-20,3,"Producción, MLOps y monitorización",12,236,single_choice,Model deployment | Model serving | Autoscaling configurations | CPU utilization,Preprocessing | Prediction | Autoscaling,Vertex AI,"You have built a custom model that performs several memory-intensive preprocessing tasks before it makes a prediction. You deployed the model to a Vertex AI endpoint, and validated that results were received in a reasonable amount of time. After routing user traffic to the endpoint, you discover that the endpoint does not autoscale as expected when receiving multiple requests. What should you do?"
2026-10-20,3,"Producción, MLOps y monitorización",13,417,single_choice,Model deployment | Model serving | Traffic splitting | Model versioning,Model deployment | Model versioning | Traffic management | Model serving,Vertex AI | Vertex AI Model Registry,You are in the process of deploying a new version of a model to a production Vertex AI endpoint that is actively serving user traffic. Your goal is to direct all user traffic to the new model while minimizing any disruption to your application. How should you proceed to achieve this objective?
2026-10-20,3,"Producción, MLOps y monitorización",14,428,single_choice,ML pipelines | Pipeline automation | Pipeline orchestration,ML pipelines | Automation | Orchestration | ML workflow | MLOps,General,What is the primary goal of automating and orchestrating ML pipelines?
2026-10-20,3,"Producción, MLOps y monitorización",15,478,single_choice,Model deployment | Model serving | Autoscaling | Custom model server | Monitoring,Model deployment | Model serving | Autoscaling | Scikit-learn,Vertex AI,"You have deployed a scikit-learn model to a Vertex AI endpoint using a custom model server. You enabled autoscaling; however, the deployed model fails to scale beyond one replica, leading to dropped requests. You notice that CPU utilization remains low even during periods of high load. What should you do?"
2026-10-20,3,"Producción, MLOps y monitorización",16,557,single_choice,Continuous Integration | Build triggers,MLOps | Continuous Integration | Model retraining | Experimentation,Cloud Source Repositories | Cloud Build,Your team frequently creates new ML models and runs experiments. Your team pushes code to a single repository hosted on Cloud Source Repositories. You want to create a continuous integration pipeline that automatically retrains the models whenever there is any modification of the code. What should be your first step to set up the CI pipeline?
2026-10-20,3,"Producción, MLOps y monitorización",17,605,single_choice,Streaming pipeline | Model deployment | Model serving | Automatic model refresh,Anomaly detection | Model retraining | Model deployment | Inference,Dataflow | RunInference API,"Your work for a textile manufacturing company. Your company has hundreds of machines, and each machine has many sensors. Your team used the sensory data to build hundreds of ML models that detect machine anomalies. Models are retrained daily, and you need to deploy these models in a cost-effective way. The models must operate 24/7 without downtime and make sub-millisecond predictions. What should you do?"
2026-10-20,3,"Producción, MLOps y monitorización",18,625,single_choice,CI/CD | Automation | ML Pipelines,Unit testing | ML Pipelines | MLOps,Kubeflow | Cloud Source Repositories | Cloud Build,You have written unit tests for a Kubeflow Pipeline that require custom libraries. You want to automate the execution of unit tests with each new push to your development branch in Cloud Source Repositories. What should you do?
2026-10-20,3,"Producción, MLOps y monitorización",19,651,single_choice,Model training | Model registration | Batch prediction | Lineage tracking,Model training | Model deployment | Lineage | Batch prediction | MLOps,Vertex AI | Vertex AI Experiments | Vertex AI Model Registry,You are in the process of establishing a workflow for training and deploying your custom model in production. It's essential to maintain lineage information for your model and predictions. What steps should you take to achieve this?
2026-10-20,3,"Producción, MLOps y monitorización",20,675,single_choice,Model deployment | Online prediction | Autoscaling | Cost optimization,Classification | Model deployment | Model serving | MLOps,Vertex AI,"You are tasked with the deployment of a scikit-learn classification model into a production environment. This model must be capable of continuously serving requests around the clock, and you anticipate a high volume of requests, possibly reaching millions per second, during the operational hours from 8 am to 7 pm. Your primary objective is to keep deployment costs to a minimum. How should you proceed to achieve this?"
2026-10-20,3,"Producción, MLOps y monitorización",21,682,single_choice,Model deployment | Online prediction | Data preprocessing | Asynchronous processing,Data preprocessing | Online prediction | Inference,Vertex AI | Pub/Sub | Cloud Functions,You have trained a model on a dataset that required computationally expensive preprocessing operations. You need to execute the same preprocessing at prediction time. You deployed the model on Vertex AI for high-throughput online prediction. Which architecture should you use?
2026-10-20,3,"Producción, MLOps y monitorización",22,824,single_choice,Data pipeline | Monitoring | Alerting | Deployment,Data pipeline | Monitoring | Performance monitoring,General,What is the primary purpose of setting up alerts for a deployed data pipeline?
2026-10-20,3,"Producción, MLOps y monitorización",23,868,single_choice,Model serving | Prediction,Text classification | Model serving | Inference,General,"You trained a text classification model. You have the following SignatureDefs: ``` signature_def['serving_default']: ``` The given SavedModel SignatureDef contains the following input (s): ```inputs['text'] tensor_info: dtype: DT_STRING shape: (-1, 2) name: serving_default_text: 0 ``` The given SavedModel SignatureDef contains the following output (s): ``` outputs ['softmax'] tensor_info: dtype: DT_FLOAT shape: (-1, 2) name: StatefulPartitionedCall:0 Method name is: tensorflow/serving/predict ``` You started a TensorFlow-serving component server and tried to send an HTTP request to get a prediction using: ``` headers = {""content -type"": ""application/json""} json_response = requests.post( ""http://localhost:8501/v1/models/text_model:predict"", data=data, headers=headers ) ``` What is the correct way to write the predict request?"
2026-10-20,3,"Producción, MLOps y monitorización",24,887,single_choice,Streaming pipeline | Model deployment | Model export | Inference,Logistic regression | Model deployment | Inference | Latency,Pub/Sub | Dataflow | BigQuery ML | TFX,"You work for a company that manages a ticketing platform for a large chain of cinemas. Customers use a mobile app to search for movies they’re interested in and purchase tickets in the app. Ticket purchase requests are sent to Pub/Sub and are processed with a Dataflow streaming pipeline configured to conduct the following steps: 1. Check for availability of the movie tickets at the selected cinema. 2. Assign the ticket price and accept payment. 3. Reserve the tickets at the selected cinema. 4. Send successful purchases to your database. Each step in this process has low latency requirements (less than 50 milliseconds). You have developed a logistic regression model with BigQuery ML that predicts whether offering a promo code for free popcorn increases the chance of a ticket purchase, and this prediction should be added to the ticket purchase process. You want to identify the simplest way to deploy this model to production while adding minimal latency. What should you do?"
2026-10-20,3,"Producción, MLOps y monitorización",25,942,single_choice,Experimentation | Automation | API-based monitoring,Hyperparameter tuning | Experiment tracking | Metrics | Feature engineering,Kubeflow Pipelines,"To optimize the efficiency of their data science team, they must quickly test different features, model structures, and hyperparameters. To accurately monitor the results of these experiments, they require an API to access metrics over time. What tool could they use to accurately track and report their experiments while minimizing manual labor?"
2026-10-20,3,"Producción, MLOps y monitorización",26,123,single_choice,Model serving | Streaming | Data storage | Model storage | Stream processing,Recommendation Systems | Real-time inference | Inference | Latency | Model updates,Pub/Sub | BigQuery | Cloud Storage | Dataflow | RunInference API,Your company manages an ecommerce website. You developed an ML model that recommends additional products to users in near real time based on items currently in the user’s cart. The workflow will include the following processes: - The website will send a Pub/Sub message with the relevant data and then receive a message with the prediction from Pub/Sub - Predictions will be stored in BigQuery - The model will be stored in a Cloud Storage bucket and will be updated frequently You want to minimize prediction latency and the effort required to update the model. How should you reconfigure the architecture?
2026-10-20,3,"Producción, MLOps y monitorización",27,129,single_choice,Model training | Experiment tracking | Model versioning | ML workflow orchestration | Metadata management,Model training | Model tracking | Performance comparison | Model versioning | ML workflow orchestration,Vertex AI | Vertex AI Pipelines | Vertex AI Experiments | Vertex AI Metadata,"You are training models in Vertex AI using data that spans across multiple Google Cloud projects. You need to find, track, and compare the performance of the different versions of your models. Which Google Cloud services should you include in your ML workflow?"
2026-10-20,3,"Producción, MLOps y monitorización",28,149,single_choice,Experiment tracking | Artifact tracking | ML Pipelines,Experimentation | Artifact tracking | Model comparison | MLOps | Metrics,Vertex AI Workbench | Vertex AI SDK | Vertex AI Pipelines,You're working on an ML model within a Vertex AI Workbench notebook and aim to track artifacts and compare models during experimentation while efficiently transitioning successful experiments to production as you iterate on your model implementation. What should you do?
2026-10-20,3,"Producción, MLOps y monitorización",29,247,single_choice,Custom training | Batch prediction | Lineage tracking | Pipeline components,Model training | Batch processing | Batch predictions | Lineage tracking | ML Pipelines,Vertex AI | Vertex AI Pipelines,You are developing a batch process to train a custom machine learning model and perform predictions. It's essential to track the lineage of both the model and the batch predictions. Which approach should you take?
2026-10-20,3,"Producción, MLOps y monitorización",30,249,single_choice,Model deployment | Model serving | Custom container | REST API,Sentiment analysis | Model training | Preprocessing | Model serialization | Inference | Serving signature,Vertex AI | Vertex AI Predictions,"You trained a model for sentiment analysis in TensorFlow Keras, saved it in SavedModel format, and deployed it with Vertex AI Predictions as a custom container. You selected a random sentence from the test set, and used a REST API call to send a prediction request. The service returned the error: ``` “Could not find matching concrete function to call loaded from the SavedModel. Got: Tensor(""inputs:0"", shape=(None,), dtype=string). Expected: TensorSpec(shape=(None, None), dtype=tf.int64, name='inputs')”. ``` You want to update the model’s code and fix the error while following Google-recommended best practices. What should you do?"
2026-10-20,3,"Producción, MLOps y monitorización",31,283,single_choice,Model deployment | Model monitoring | Model retraining,Model accuracy | Model retraining | Model drift | Performance monitoring,General,"A production system that predicts sales numbers has been constructed and managed by you. Model precision is essential as the production model must adapt to the market‘s evolution. Although the model hasn‘t been altered since deployed to production, its accuracy has consistently declined. What could be the likely cause of this steady decrease in model accuracy?"
2026-10-20,3,"Producción, MLOps y monitorización",32,329,single_choice,Model training | Monitoring | Metric querying,Experimentation | Feature engineering | Model architecture | Hyperparameter tuning | Metrics | Evaluation | Experiment tracking,Vertex AI Training | Cloud Monitoring,"Your data science team needs to rapidly experiment with various features, model architectures, and hyperparameters. They need to track the accuracy metrics for various experiments and use an API to query the metrics over time. What should they use to track and report their experiments while minimizing manual effort?"
2026-10-20,3,"Producción, MLOps y monitorización",33,368,single_choice,ML pipelines | Model retraining | Continuous evaluation | Dataset management,Image classification | ML pipelines | Model retraining | Continuous evaluation | Model evaluation | Accuracy,Vertex AI | Google Cloud,"You work for an online retail company that is creating a visual search engine. You have set up an end-to-end ML pipeline on Google Cloud to classify whether an image contains your company‘s product. Expecting the release of new products in the near future, you configured a retraining functionality in the pipeline so that new data can be fed into your ML models. You also want to use Vertex AI‘s continuous evaluation service to ensure that the models have high accuracy on your test dataset. What should you do?"
2026-10-20,3,"Producción, MLOps y monitorización",34,491,single_choice,ML Pipelines | Pipeline orchestration | Automation,ML Pipelines | MLOps | Automation | Orchestration,General,How does automating and orchestrating ML pipelines contribute to increased efficiency in data-driven projects?
2026-10-20,3,"Producción, MLOps y monitorización",35,528,single_choice,Model registry | Model deployment | Model serving | Online inference,Binary classification | Model testing | Model deployment | Model serving | Online inference,Vertex AI,"You work at a mobile gaming startup that creates online multiplayer games. Recently, your company observed an increase in players cheating in the games, leading to a loss of revenue and a poor user experience. You build a binary classification model to determine whether a player cheated after a completed game session and then send a message to other downstream systems to ban the player that cheated. Your model has performed well during testing, and you now need to deploy the model to production. You want your serving solution to provide immediate classifications after a completed game session to avoid further loss of revenue. What should you do?"
2026-10-20,3,"Producción, MLOps y monitorización",36,692,single_choice,Streaming pipeline | Model deployment | Low latency serving | On-device inference,Logistic regression | Model deployment | Low latency | Model transformation,Dataflow | BigQuery ML | Pub/Sub,"Working for a ticketing platform of a renowned chain of cinemas, customers use a mobile app to search and purchase tickets. Requests are handled via a Dataflow streaming pipeline which verifies ticket availability, assigns price and accepts payment, reserves tickets and sends successful purchases to the database. All steps should have low latency of no more than 50 milliseconds. To increase the chance of ticket purchases, a logistic regression model with BigQuery ML has been developed to offer promotional codes for free popcorn. To deploy this model to production with minimal latency, what is the simplest approach?"
2026-10-20,3,"Producción, MLOps y monitorización",37,716,single_choice,ML workflow | Serving Predictions | Model endpoint,Churn prediction | ML workflow | Model predictions,General,"Scenario: You are a Machine Learning Engineer at a retail company. Your team is tasked with building a model to predict customer churn. The marketing team, your stakeholders, need to use these predictions to create targeted retention campaigns. They are not data scientists and require a solution that is integrated into their existing workflow and allows them to take action on model outputs without writing code. Question: Which stage of the ML workflow on Google Cloud is primarily focused on designing the system so that the model’s predictions are directly usable and actionable by the business team ?"
2026-10-20,3,"Producción, MLOps y monitorización",38,718,single_choice,Model serving | Data storage | Low latency serving,Model serving | Inference latency | Feature retrieval,BigQuery,"You are an ML engineer at a retail company. You have built a model that predicts which coupon to offer an ecommerce customer at checkout based on the items in their cart. When a customer goes to checkout, your serving pipeline, which is hosted on Google Cloud, joins the customer's existing cart with a row in a BigQuery table that contains the customers' historic purchase behavior and uses that as the model's input. The web team is reporting that your model is returning predictions too slowly to load the coupon offer with the rest of the web page. How should you speed up your model's predictions?"
2026-10-20,3,"Producción, MLOps y monitorización",39,840,single_choice,Data pipeline | CI/CD,MLOps | CI/CD | Data pipelines,General,Which practice helps in ensuring the reliability of changes to deployed data pipelines?
2026-10-20,3,"Producción, MLOps y monitorización",40,842,single_choice,Model serving | Model deployment | Autoscaling | Cost optimization | Compute resources,Fraud detection | Model deployment | Scikit-learn,Vertex AI,You work at an organization that manages a popular payment app. You built a fraudulent transaction detection model by using scikit-learn and deployed it to a Vertex AI endpoint. The endpoint is currently using 1 e2-standard-2 machine with 2 vCPUs and 8 GB of memory. You discover that traffic on the gateway fluctuates to four times more than the endpoint's capacity. You need to address this issue by using the most cost-effective approach. What should you do?
2026-10-21,3,"Producción, MLOps y monitorización",1,865,single_choice,Model deployment | Batch prediction | Cost optimization | Data storage | Model management,TensorFlow | Forecasting | Predictions | Batch prediction | Model deployment,BigQuery | BigQuery ML | Cloud SQL,"You are employed by a gaming company specializing in massively multiplayer online (MMO) games. You have constructed a TensorFlow model designed to forecast whether players will engage in in-app purchases exceeding $10 within the next two weeks. These predictions are intended to tailor each user's game experience. All user data is stored in BigQuery. What is the most effective approach for deploying your model to strike a balance between cost optimization, user experience enhancement, and ease of management?"
2026-10-21,3,"Producción, MLOps y monitorización",2,941,single_choice,Model deployment | Online prediction | Data transformation | Asynchronous processing,Data preprocessing | Online prediction | Model training | High-throughput inference,Vertex AI | Pub/Sub | Dataflow,"You've trained a model that necessitated resource-intensive preprocessing operations on a dataset. Now, these preprocessing steps must be replicated during prediction. Given that the model is deployed on Vertex AI for high-throughput online predictions, what is the most suitable architectural approach to use?"
2026-10-21,3,"Producción, MLOps y monitorización",3,127,single_choice,Experiment tracking | Visualization | Debugging,Deep learning | Experiment tracking | Visualization | Debugging | Metrics | Parameters,Vertex AI Experiments | Vertex AI TensorBoard,"You work on a team that builds state-of-the-art deep learning models by using the TensorFlow framework. Your team runs multiple ML experiments each week, which makes it difficult to track the experiment runs. You want a simple approach to effectively track, visualize, and debug ML experiment runs on Google Cloud while minimizing any overhead code. How should you proceed?"
2026-10-21,3,"Producción, MLOps y monitorización",4,176,single_choice,Model monitoring | Model retraining,Model accuracy | Model drift | Model retraining | MLOps,General,"You have developed and are managing a production system tasked with predicting sales figures. The accuracy of this model is of paramount importance, as it needs to adapt to market fluctuations. Although the model has remained unchanged since its deployment, there has been a consistent decline in its accuracy. What could be the primary reason for this gradual decrease in model accuracy?"
2026-10-21,3,"Producción, MLOps y monitorización",5,179,single_choice,Model deployment | Online prediction | Model serving | Troubleshooting,Inference | Online prediction | Resource management | Batching,Vertex AI,"You have deployed a model on Vertex AI for real-time inference. During an online prediction request, you get an “Out of Memory” error. What should you do?"
2026-10-21,3,"Producción, MLOps y monitorización",6,240,single_choice,Traffic splitting | Model monitoring | Model serving | Model registry,A/B testing | Model evaluation | Model monitoring | Model versioning,Vertex AI | Vertex AI Model Registry,You have created multiple versions of an ML model and have imported them to Vertex AI Model Registry. You want to perform A/B testing to identify the best performing model using the simplest approach. What should you do?
2026-10-21,3,"Producción, MLOps y monitorización",7,248,single_choice,Experiment Management | Pipeline Orchestration,Deep Learning | Neural Networks | Keras | Forecasting | Model Evaluation | Evaluation Metrics | Experiment Tracking,Kubeflow Pipelines,"You are tasked with creating a custom deep neural network in Keras to forecast customer purchases based on their purchase history. To assess the performance across various model architectures, while storing training data and comparing evaluation metrics on a unified dashboard, what approach should you adopt?"
2026-10-21,3,"Producción, MLOps y monitorización",8,298,single_choice,Model deployment | Batch prediction | Scheduling,Classification | Model deployment | Batch prediction | Churn prediction | PyTorch,Vertex AI,"You are an AI engineer that works for a popular video streaming platform. You built a classification model using PyTorch to predict customer churn. Each week, the customer retention team plans to contact customers that have been identified as at risk of churning with personalized offers. You want to deploy the model while minimizing maintenance effort. What should you do?"
2026-10-21,3,"Producción, MLOps y monitorización",9,304,single_choice,Serverless ML | Model serving | ML Architecture | API endpoints,Sentiment analysis | Classification | Regression | Natural Language Processing | Serverless ML,Cloud Functions | Vertex AI | Cloud Natural Language API,"You are designing an architecture with a serverless ML system to enrich customer support tickets with informative metadata before they are routed to a support agent. You need a set of models to predict ticket priority, predict ticket resolution time, and perform sentiment analysis to help agents make strategic decisions when they process support requests. Tickets are not expected to have any domain-specific terms or jargon. The proposed architecture has the following flow: Which endpoints should the Enrichment Cloud Functions call?"
2026-10-21,3,"Producción, MLOps y monitorización",10,308,single_choice,Model deployment | Model serving | Multi-region deployment | Regional endpoints,Classification | Fraud detection | PyTorch | Multi-layer perceptron | Feature engineering | Inference latency,Vertex AI | Compute Engine,"You work for a large bank with an application hosted on Google Cloud, operating in the US and Singapore. You've developed a PyTorch model, a three-layer perceptron, to classify transactions as potentially fraudulent. This model uses both numerical and categorical features, with hashing conducted within the model itself. Currently, the model is deployed in the us-central1 region on nl-highcpu-16 machines, delivering predictions with a median response latency of 40 ms. To reduce latency, particularly for users in Singapore who are experiencing longer delays, what should you do?"
2026-10-21,3,"Producción, MLOps y monitorización",11,331,single_choice,Model deployment | Model serving | Model explainability,Deep neural networks | Black-box models | Model interpretability | Local explanations | Post-hoc explanations | SHAP | LIME,Vertex AI | Vertex Explainable AI,"An ML Engineer has deployed a complex black-box model (e.g., a deep neural network) on Vertex AI . A stakeholder requests an explanation for specific, individual predictions made by the model in the production environment. Which Vertex AI feature should the engineer enable and configure on the deployed model to provide locally accurate, post-hoc explanations for these single predictions?"
2026-10-21,3,"Producción, MLOps y monitorización",12,336,single_choice,Model deployment | Model serving | Managed services | Online prediction,Forecasting | Online prediction | Model deployment | Scalability,Dialogflow | Google Assistant | Vertex AI Prediction,"With your team, you have to decide the strategy for implementing an online forecasting model in production. This template needs to work with both a web interface as well as DialogFlow and Google Assistant. A lot of requests are expected. You are concerned that the final system is not efficient and scalable enough. You are looking for the simplest and most managed GCP solution. Which of these can be the solution?"
2026-10-21,3,"Producción, MLOps y monitorización",13,351,multiple_choice,Model deployment | Model retraining,Model deployment | Bias | Fairness | Class imbalance | Upsampling | Reweighting | Model retraining | Loss functions,General,"You have recently deployed a machine learning model, and it has come to your attention that after three months of deployment, the model is exhibiting underperformance on specific subgroups, raising concerns about potential bias in the results. This inequitable performance is suspected to be linked to class imbalances in the training data, and the option of collecting additional data is not available. In this situation, what steps should you take? (Select two options.)"
2026-10-21,3,"Producción, MLOps y monitorización",14,442,single_choice,Feature management | Online serving | Low-latency serving | Training-serving consistency,Feature management | Real-time inference | Online serving | Feature engineering,Vertex Feature Store,"A bank is developing a credit risk model that requires low-latency access to pre-computed customer features (e.g., credit score changes within the last 7 days) for real-time inference during loan application processing. Which Google Cloud service is the most appropriate choice for managing and serving these low-latency, high-volume features consistently across both the training and online serving environments?"
2026-10-21,3,"Producción, MLOps y monitorización",15,444,single_choice,Model deployment | Model serving | Infrastructure management,Large Language Models (LLM) | Inference | Model serving,Google Kubernetes Engine (GKE),"You work as an ML researcher at an investment bank, and you are experimenting with the Gemma large language model (LLM). You plan to deploy the model for an internal use case. You need to have full control of the mode's underlying infrastructure and minimize the model's inference time. Which serving configuration should you use for this task?"
2026-10-21,3,"Producción, MLOps y monitorización",16,461,single_choice,ML Workflow Management | Metadata Management,ML Metadata | Reproducibility | Artifact Management | ML Workflows,Vertex ML Metadata,"You hold the position of a senior ML engineer at a retail firm. Your objective is to establish a centralized method for monitoring and handling ML metadata, allowing your team to conduct reproducible experiments and generate artifacts. Which management solution should you suggest to your team?"
2026-10-21,3,"Producción, MLOps y monitorización",17,486,single_choice,Model deployment | Model serving | Autoscaling,Model serving | Performance optimization | Throughput | Latency | Autoscaling,Vertex AI,You have developed a custom ML model using Vertex AI and want to deploy it for online serving. You need to optimize the model's serving performance by ensuring that the model can handle high throughput while minimizing latency. You want to use the simplest solution. What should you do?
2026-10-21,3,"Producción, MLOps y monitorización",18,506,single_choice,Logging | Monitoring | Visualization | Pipelines,MLOps | Monitoring | Logging,Cloud Logging,"Which service can you use to collect, analyze, and visualize logs from deployed pipelines in Google Cloud?"
2026-10-21,3,"Producción, MLOps y monitorización",19,521,single_choice,Model deployment | Model serving | Infrastructure optimization,Model serving | Latency | Performance optimization | Hardware optimization,Vertex AI | Google Kubernetes Engine | GKE | Kubeflow,"You developed an ML model with Vertex AI, and you want to move it to production. You serve a few thousand queries per second and are experiencing latency issues. Incoming requests are served by a load balancer that distributes them across multiple Kubeflow CPU-only pods running on Google Kubernetes Engine(GKE). Your goal is to improve the serving latency without changing the underlying infrastructure. What should you do?"
2026-10-21,3,"Producción, MLOps y monitorización",20,526,single_choice,Model deployment | Model serving | Workflow orchestration | Serverless | Auto-scaling | Versioning,Model chaining | Model versioning | Inference | Workflow orchestration,Vertex AI Endpoints | Cloud Run,You have developed an application that uses a chain of multiple scikit-learn models to predict the optimal price for your company’s products. The workflow logic is shown in the diagram. Members of your team use the individual models in other solution workflows. You want to deploy this workflow while ensuring version control for each individual model and the overall workflow. Your application needs to be able to scale down to zero. You want to minimize the compute resource utilization and the manual effort required to manage this solution. What should you do?
2026-10-21,3,"Producción, MLOps y monitorización",21,604,single_choice,ML pipeline | Model training | Production,ML pipeline | Regression | Classification | Model interpretability | Attention-based models | Tabular data,Vertex AI Pipelines | Tabular Workflow | TabNet,"You work as an analyst at a large banking firm. You are developing a robust, scalable ML pipeline to train several regression and classification models. Your primary focus for the pipeline is model interpretability, and you want to quickly put the pipeline into production. What should you do?"
2026-10-21,3,"Producción, MLOps y monitorización",22,662,single_choice,Model deployment | ML pipeline automation,Model deployment | ML pipeline automation | Production environment,General,What does the term “model deployment“ refer to in the context of ML pipeline automation?
2026-10-21,3,"Producción, MLOps y monitorización",23,677,single_choice,Model deployment | Model serving | Autoscaling | Monitoring | Alerting,Recommendation systems | Scalability | Monitoring | Model inference,Vertex AI,"You work for an online grocery store. You recently developed a custom ML model that recommends a recipe when a user arrives at the website. You chose the machine type on the Vertex AI endpoint to optimize costs by using the queries per second (QPS) that the model can serve, and you deployed it on a single machine with 8 vCPUs and no accelerators. A holiday season is approaching and you anticipate four times more traffic during this time than the typical daily traffic. You need to ensure that the model can scale efficiently to the increased demand. What should you do?"
2026-10-21,3,"Producción, MLOps y monitorización",24,683,single_choice,Model deployment | Model evaluation | Model versioning,Object detection | Neural network | Evaluation | Precision | Recall | Softmax threshold | Classification,Vertex AI Prediction,"You work for a social media company. You need to detect whether posted images contain cars. Each training example is a member of exactly one class. You have trained an object detection neural network and deployed the model version to Vertex AI Prediction for evaluation. Before deployment, you created an evaluation job and attached it to the Vertex AI Prediction model version. You notice that the precision is lower than your business requirements allow. How should you adjust the model‘s final layer softmax threshold to increase precision?"
2026-10-21,3,"Producción, MLOps y monitorización",25,820,single_choice,Model deployment | Model serving | Multi-region deployment | Private endpoints,Classification | Neural Networks | Feature Engineering | Real-time inference | Inference latency,Vertex AI | Compute Engine,"You work for a large bank that serves customers through an application hosted in Google Cloud that is running in the US and Singapore. You have developed a PyTorch model to classify transactions as potentially fraudulent or not. The model is a three-layer perceptron that uses both numerical and categorical features as input, and hashing happens within the model. You deployed the model to the us-central1 region on nl-highcpu-16 machines, and predictions are served in real time. The model's current median response latency is 40 ms. You want to reduce latency, especially in Singapore, where some customers are experiencing the longest delays. What should you do?"
2026-10-21,3,"Producción, MLOps y monitorización",26,822,single_choice,Model serving | Model deployment | Managed services,Classification | Text classification | Transfer learning | Model serving | Model deployment,Vertex AI | TensorFlow,"Your team has been assigned to create an ML solution in Google Cloud to classify support requests for one of your platforms. After assessing the requirements, you have chosen to implement TensorFlow, which will give you full autonomy over the code, serving, and deployment of the model. To make the most of the time available, you are looking to build on existing resources and use managed services to construct the classifier, instead of developing an entirely new model. How would you best construct the classifier?"
2026-10-21,3,"Producción, MLOps y monitorización",27,831,single_choice,Metadata management | Workflow management,ML Metadata | Experiment tracking | Artifact management | ML Workflows | Reproducibility,Vertex ML Metadata,"As a lead ML engineer for a retail company, a centralised system for tracking and managing ML metadata is desired by my team in order to generate reproducible experiments and artifacts. What management solution should I recommend to them?"
2026-10-21,3,"Producción, MLOps y monitorización",28,832,single_choice,Model deployment | Model serving | Auto-scaling | Machine types,AutoML | Classification | Model deployment | Latency | Cost efficiency,Vertex AI,"You have developed an AutoML tabular classification model to identify high-value customers engaging with your organization's website. The next step is deploying this model to a Vertex AI endpoint integrated with your website application. Since traffic is expected to increase during nights and weekends, you must configure the deployment settings to ensure low latency and cost efficiency. What configuration should you use?"
2026-10-21,3,"Producción, MLOps y monitorización",29,908,single_choice,Model deployment | Model serving,Regression | Deep Learning | Model Training | Model Performance | Latency | Quantization | Precision | Model Optimization,General,"You have successfully trained a DNN regressor using TensorFlow to predict housing prices, utilizing a set of predictive features. The default precision for your model is tf.float64, and you've employed a standard TensorFlow estimator with the following configuration: ```python estimator = tf.estimator.DNNRegressor( feature_columns=[YOUR_LIST_OF_FEATURES], hidden_units=[1024, 512, 256], dropout=None ) ``` Your model's performance is satisfactory; however, as you prepare to deploy it into production, you notice that your current serving latency on CPUs is 10ms at the 90th percentile. Your production requirements dictate a model latency of 8ms at the 90th percentile, and you are open to a slight decrease in prediction performance to meet this latency requirement. To achieve this, what should be your initial approach to quickly reduce the serving latency?"
2026-10-21,3,"Producción, MLOps y monitorización",30,930,single_choice,Data pipeline | Monitoring,Monitoring,Cloud Monitoring,Which Google Cloud service is used to monitor the performance and status of data pipelines?
2026-10-21,3,"Producción, MLOps y monitorización",31,138,single_choice,Log analysis | Monitoring | Data pipelines,Monitoring,Cloud Logging,Which Google Cloud service helps in real-time log analysis and monitoring for data pipelines?
2026-10-21,3,"Producción, MLOps y monitorización",32,143,multiple_choice,Model deployment | Endpoints | Traffic splitting,AutoML | Model Deployment | Model Versioning | Traffic Splitting | Canary Deployment,Vertex AI | Vertex AI,"You work in a medium-sized company as a developer and data scientist and use the managed ML platform, Vertex AI / Vertex AI. You have updated an Auto ML model and want to deploy it to production. But you want to maintain both the old and the new version at the same time. The new version should only serve a small portion of the traffic. What can you do (pick 2)?"
2026-10-21,3,"Producción, MLOps y monitorización",33,155,single_choice,Data pipeline | Monitoring | Alerting,Data pipeline | Monitoring | Metrics,General,How can you ensure that a data pipeline is processing data within acceptable performance thresholds?
2026-10-21,3,"Producción, MLOps y monitorización",34,232,single_choice,Model deployment | Model serving | Prebuilt containers,XGBoost | Tabular data | Model training | Model deployment | Microservices | Latency,Vertex AI | Vertex AI Endpoints,"You recently trained an XGBoost model on tabular data. You plan to expose the model for internal use as an HTTP microservice. After deployment, you expect a small number of incoming requests. You want to productionize the model with the least amount of effort and latency. What should you do?"
2026-10-21,3,"Producción, MLOps y monitorización",35,246,single_choice,Workflow orchestration | Monitoring,Orchestration | Monitoring,Cloud Composer,Which service would you use to orchestrate and monitor complex workflows in Google Cloud?
2026-10-21,3,"Producción, MLOps y monitorización",36,273,single_choice,Model deployment | Model serving | Prebuilt containers | Model endpoints,XGBoost | Tabular data | Model deployment | Latency,Vertex AI,"You recently trained an XGBoost model using tabular data and plan to make it available as an HTTP microservice for internal use. Anticipating a low volume of incoming requests, you seek the most efficient method to deploy the model with minimal effort and latency. What is your best option?"
2026-10-21,3,"Producción, MLOps y monitorización",37,287,single_choice,Model deployment | Model serving | Custom container image | REST API | Custom predictor,XGBoost | Online inference | Data preprocessing | Model serialization,Vertex AI | Vertex AI SDK | Cloud Storage | Vertex AI Endpoints | VPC Service Controls,"You have recently trained an XGBoost model that you intend to deploy for online inference in production. Before sending a predict request to your model's binary, you need to perform a straightforward data preprocessing step. This step should expose a REST API that can accept requests within your internal VPC Service Controls and return predictions. Your goal is to configure this preprocessing step while minimizing both cost and effort. What should you do?"
2026-10-21,3,"Producción, MLOps y monitorización",38,288,single_choice,Automation | Task scheduling | Pipeline management,MLOps | Pipeline automation,Cloud Scheduler,What can you use in Google Cloud to manage and automate tasks for changing pipeline configurations?
2026-10-21,3,"Producción, MLOps y monitorización",39,330,single_choice,Data management | Version control | Managed infrastructure | Collaboration | Experimentation,Experimentation | Collaboration | GPU acceleration,Colab Enterprise | Cloud Storage,"You lead a data science team that is working on a computationally intensive project involving running several experiments. Your team is geographically distributed and requires a platform that provides the most effective real-time collaboration and rapid experimentation. You plan to add GPUs to speed up your experimentation cycle, and you want to avoid having to manually set up the infrastructure. You want to use the Google-recommended approach. What should you do?"
2026-10-21,3,"Producción, MLOps y monitorización",40,381,single_choice,Model deployment | Model monitoring | Continuous evaluation,Image classification | Model monitoring | Model versioning | Evaluation metrics | Mean average precision,Vertex AI,You have deployed multiple versions of an image classification model on Vertex AI. You want to monitor the performance of the model versions over time. How should you perform this comparison?
2026-10-22,3,"Producción, MLOps y monitorización",1,387,single_choice,ML pipeline architecture | Data ingestion | Model deployment | Real-time inference,Demand prediction | Forecasting | ML pipelines | Data ingestion | Model deployment | Real-time inference,Vertex AI | BigQuery,"A retail company wants to optimize its inventory management by predicting demand fluctuations for seasonal products. As a Professional Machine Learning Engineer, what is your primary responsibility in addressing this business challenge using Google Cloud technologies?"
2026-10-22,3,"Producción, MLOps y monitorización",2,393,single_choice,Model deployment | Model monitoring | Continuous evaluation | Model versioning,Image classification | Model monitoring | Mean average precision | Model evaluation,Vertex AI,You have deployed multiple versions of an image classification model on Al Platform. You want to monitor the performance of the model versions overtime. How should you perform this comparison?
2026-10-22,3,"Producción, MLOps y monitorización",3,405,single_choice,Batch prediction | Model import | Data storage | Inference pipeline,Batch prediction | Regression | Deep Neural Networks | TensorFlow | Inference,BigQuery | BigQuery ML,"You need to execute a batch prediction on 100 million records in a BigQuery table with a custom TensorFlow DNN regressor model, and then store the predicted results in a BigQuery table. You want to minimize the effort required to build this inference pipeline. What should you do?"
2026-10-22,3,"Producción, MLOps y monitorización",4,415,single_choice,Data pipelines | Real-time messaging | Data streaming,Data pipelines | Data streaming,Google Cloud Pub/Sub,What is a primary use case for Google Cloud Pub/Sub in data pipelines?
2026-10-22,3,"Producción, MLOps y monitorización",5,551,single_choice,Data pipeline orchestration | Workflow management,Data pipelines | Orchestration,Cloud Composer,Which tool can you use to orchestrate and manage complex data pipeline workflows in Google Cloud?
2026-10-22,3,"Producción, MLOps y monitorización",6,558,single_choice,Data storage | Experiment management | Pipeline management,Deep Learning | Neural Networks | Model Architecture | Evaluation Metrics | Experimentation,Kubeflow Pipelines,"You need to design a customized deep neural network in Keras that will predict customer purchases based on their purchase history. You want to explore model performance using multiple model architectures, store training data, and be able to compare the evaluation metrics in the same dashboard. What should you do?"
2026-10-22,3,"Producción, MLOps y monitorización",7,670,single_choice,Architecting scalable ML pipelines | Data processing | Performance tracking | Model deployment,Anomaly detection | Problem framing | ML pipelines | AutoML | TensorFlow | Performance tracking | Business outcomes,Vertex AI | AutoML | BigQuery | Cloud Monitoring,"In a healthcare organization, a business stakeholder identifies the need to detect anomalies in patient vital signs data to prevent adverse events. Which role is primarily responsible for collaborating with stakeholders to frame this as an ML problem, selecting appropriate Google Cloud tools, and deploying a production-ready solution that delivers measurable business outcomes, such as reduced readmission rates?"
2026-10-22,3,"Producción, MLOps y monitorización",8,676,single_choice,Job submission | IAM roles | Permissions | Notebook instances,ML Pipelines,Vertex AI | Vertex AI Pipelines | Cloud Shell | Vertex AI Workbench | Identity and Access Management (IAM),"You've recently set up a new Google Cloud project and successfully tested the submission of a Vertex AI Pipeline job from Cloud Shell. Now, you're attempting to run your code from a Vertex AI Workbench user-managed notebook instance, but the job fails with an insufficient permissions error. What action should you take?"
2026-10-22,3,"Producción, MLOps y monitorización",9,695,single_choice,Data pipeline | Version control,Data pipelines | Version control | MLOps,General,What is a common method for tracking changes in deployed data pipelines?
2026-10-22,3,"Producción, MLOps y monitorización",10,725,multiple_choice,Model deployment | Logging | Container logging | Model undeployment | Model redeployment,Model deployment | Logging | Debugging | TensorFlow | Python,Vertex AI,You work as a junior Data Scientist in a Startup and work with several projects with Python and Tensorflow in Vertex AI. You deployed a new model in the test environment and detected some problems that are puzzling you. An experienced colleague of yours asked for the logs. You found out that there is no logging information available. What kind of logs do you need and how do you get them (pick 2)?
2026-10-22,3,"Producción, MLOps y monitorización",11,773,single_choice,Model monitoring | ML solution architecture,MLOps | Model monitoring | Performance monitoring | Model maintenance,General,What is the importance of continuous monitoring and maintenance in ML solution architecture?
2026-10-22,3,"Producción, MLOps y monitorización",12,794,single_choice,ML pipelines | Workflow execution,ML pipelines | Orchestration | MLOps,General,Which tool or technology is commonly used for orchestrating ML pipelines and managing workflow execution?
2026-10-22,3,"Producción, MLOps y monitorización",13,907,single_choice,Text classification | Model deployment | Model serving | REST API,Classification | Natural Language Processing | Model evaluation | Model deployment,AutoML Natural Language,"A large corpus of written support cases requires quick and accurate classification into one of three categories: Technical Support, Billing Support or Other Issues. To do so, a service needs to be built, tested and deployed quickly. What is the optimal configuration for the pipeline to achieve this?"
2026-10-22,3,"Producción, MLOps y monitorización",14,114,single_choice,ML Pipelines | Automation | Version Control,ML Pipelines | Automation | MLOps | Version Control,General,What is the benefit of version control in the context of automating ML pipelines?
2026-10-22,3,"Producción, MLOps y monitorización",15,126,single_choice,MLOps,MLOps | TensorFlow | Python,Vertex AI | CDN,"You have just started working as a junior Data Scientist in a Startup. You are involved in several projects with Python and Tensorflow in Vertex AI. You are starting to get interested in MLOps and are trying to understand the different processes involved. You have prepared a checklist, but inside there is a service that has nothing to do with MLOps. Which one?"
2026-10-22,3,"Producción, MLOps y monitorización",16,177,single_choice,CI/CD | Automation | Cost optimization | Source control,Image segmentation | Model retraining | Benchmarking | Version control | Model architecture,Vertex AI | Cloud Build | Cloud Source Repositories,"You're creating machine learning models for CT scan image segmentation using Vertex AI and regularly update the architectures to align with the latest research. To benchmark their performance, you need to retrain these models using the same dataset. Your goal is to reduce computational expenses and manual effort, while maintaining version control for your code. What steps should you take?"
2026-10-22,3,"Producción, MLOps y monitorización",17,244,single_choice,Model explainability | Sampled Shapley explanations,Ensemble learning | Neural networks | Churn prediction | Model explainability | Shapley values | Feature attribution,Vertex Explainable AI | Vertex AI,"You work at a subscription-based company. You have trained an ensemble of trees and neural networks to predict customer churn, which is the likelihood that customers will not renew their yearly subscription. The average prediction is a 15% churn rate, but for a particular customer the model predicts that they are 70% likely to churn. The customer has a product usage history of 30%, is located in New York City, and became a customer in 1997. You need to explain the difference between the actual prediction, a 70% churn rate, and the average prediction. You want to use Vertex Explainable AI. What should you do?"
2026-10-22,3,"Producción, MLOps y monitorización",18,256,single_choice,Model serving | Model deployment | Cloud migration,Model serving | Model deployment,Vertex AI,"You are a lead ML architect at a small company that is migrating from on-premises to Google Cloud. Your company has limited resources and expertise in cloud infrastructure. You want to serve your models from Google Cloud as soon as possible. You want to use a scalable, reliable, and cost-effective solution that requires no additional resources. What should you do?"
2026-10-22,3,"Producción, MLOps y monitorización",19,302,single_choice,Stream processing | Real-time data processing | Model inference | Monitoring,Asynchronous prediction | Predictive maintenance | Feature engineering | Inference,Pub/Sub | Dataflow,"You need to design an architecture that serves asynchronous predictions to determine whether a particular mission-critical machine part will fail. Your system collects data from multiple sensors from the machine. You want to build a model that will predict a failure in the next N minutes, given the average of each sensor's data from the past 12 hours. How should you design the architecture?"
2026-10-22,3,"Producción, MLOps y monitorización",20,384,multiple_choice,Model deployment | Model optimization,TensorFlow | Model optimization | Eager execution | Graph execution | Model deployment,General,"You work as a junior Data Scientist in a consulting company and work with several projects with Tensorflow. You prepared and tested a new model, and you are optimizing it before deploying it in production. You asked for advice from an experienced colleague of yours. He said that it is not advisable to deploy the model in eager mode. What can you do (pick 3)?"
2026-10-22,3,"Producción, MLOps y monitorización",21,433,single_choice,Model training | Model evaluation | Model deployment | Model serving,Classification | Natural Language Processing | Model evaluation | Model deployment,Vertex AI | AutoML Natural Language,"You possess a substantial collection of written support cases that fall into three distinct categories: Technical Support, Billing Support, or Other Issues. The task at hand is to efficiently construct, evaluate, and implement a system capable of automatically categorizing upcoming written requests into one of these predefined categories. How should you structure the pipeline to achieve this?"
2026-10-22,3,"Producción, MLOps y monitorización",22,479,single_choice,Automation | Scheduling | Data pipeline,Data pipeline,Cloud Scheduler,How can you automate the execution of data pipeline tasks on a schedule in Google Cloud?
2026-10-22,3,"Producción, MLOps y monitorización",23,516,single_choice,Metadata management | Model versioning | Model evaluation,Model deployment | Model versioning | Performance metrics | Model evaluation | Data slicing,Vertex ML Metadata,"You are an ML engineer at a travel company. You have been researching customers' travel behavior for many years, and you have deployed models that predict customers' vacation patterns. You have observed that customers' vacation destinations vary based on seasonality and holidays; however, these seasonal variations are similar across years. You want to quickly and easily store and compare the model versions and performance statistics across years. What should you do?"
2026-10-22,3,"Producción, MLOps y monitorización",24,612,single_choice,Model deployment | Model registration | Model explanations,Explainable AI | Feature attribution | Shapley values,BigQuery | Vertex AI | Vertex AI Model Registry,"You work for a bank. You have created a custom model to predict whether a loan application should be flagged for human review. The input features are stored in a BigQuery table. The model is performing well, and you plan to deploy it to production. Due to compliance requirements the model must provide explanations for each prediction. You want to add this functionality to your model code with minimal effort and provide explanations that are as accurate as possible. What should you do?"
2026-10-22,3,"Producción, MLOps y monitorización",25,615,single_choice,Data pipeline | Logging,Data pipeline | Logging | Monitoring | Debugging,General,What is the purpose of setting up logging for a data pipeline?
2026-10-22,3,"Producción, MLOps y monitorización",26,684,single_choice,Model deployment | Model serving,Model deployment | Model serving,BigQuery ML,"Your company does not have an excellent ML experience. They want to start with a service that is as smooth, simple and managed as possible. The idea is to use BigQuery ML. Therefore, you are considering whether it can cover all the functionality you need. Which of the following features are not present in BigQuery ML natively?"
2026-10-22,3,"Producción, MLOps y monitorización",27,728,single_choice,Model serving | Notifications,Forecasting | Prediction | Model serving,Firebase | Firebase Cloud Messaging,Your team is building an application for a global bank that will be used by millions of customers. You built a forecasting model that predicts customers’ account balances 3 days in the future. Your team will use the results in a new feature that will notify users when their account balance is likely to drop below $25. How should you serve your predictions?
2026-10-22,3,"Producción, MLOps y monitorización",28,771,single_choice,Model monitoring | Production readiness | MLOps,MLOps | Model monitoring | Production readiness | Model development | Data testing | Feature testing,General,"You've recently become a part of a machine learning team that is on the verge of launching a new project. Taking on a lead role for this project, you've been tasked with assessing the production readiness of the machine learning components. The team has already conducted tests on features and data, completed model development, and ensured the readiness of the infrastructure. What further readiness check would you advise the team to consider?"
2026-10-22,3,"Producción, MLOps y monitorización",29,772,single_choice,Model deployment | Model registration | Vertex Explainable AI,Explainable AI | Model interpretability | Feature attribution | Sampled Shapley,BigQuery | Vertex AI | Vertex AI Model Registry,"You are employed at a bank, and you've developed a customized model to determine whether a loan application should be flagged for human review. The input features required for this model are stored within a BigQuery table. The model has exhibited strong performance, and you are in the process of preparing it for deployment in a production setting. However, due to compliance requirements, it is now imperative that the model provides explanations for each prediction it makes. Your objective is to incorporate this explanatory capability into your model's code with minimal effort while ensuring that the explanations offered are as accurate as possible. How should you proceed to accomplish this?"
2026-10-22,3,"Producción, MLOps y monitorización",30,806,single_choice,Model explanation | Feature attribution,Ensemble models | Neural networks | Tree models | Churn prediction | Explainable AI | Sampled Shapley,Vertex Explainable AI,"You are employed at a subscription-based company. You have trained an ensemble of tree and neural network models to forecast customer churn, which is the probability that customers will not renew their annual subscriptions. While the average prediction indicates a 15% churn rate, a specific customer is forecasted to have a 70% likelihood of churning. This customer has a product usage history of 30%, resides in New York City, and has been a customer since 1997. Your objective is to elucidate the distinction between the individual prediction of a 70% churn rate and the average prediction. To achieve this, you intend to employ Vertex Explainable AI. What is your recommended course of action?"
2026-10-22,3,"Producción, MLOps y monitorización",31,828,single_choice,Model explanation | Feature attribution,Churn prediction | Ensemble models | Neural networks | Explainable AI | Shapley values | Feature attribution,Vertex Explainable AI | Vertex AI,"At a subscription-based company, an ensemble of trees and neural networks has been trained to predict customer churn, which is the probability that a customer will not continue their yearly subscription. The model‘s average prediction indicates a 15% churn rate, however, for a certain customer, the model predicts a 70% chance of churn. This customer has a record of 30% product usage, is located in New York City, and has been a customer since 1997. To explain this discrepancy between the actual prediction, a 70% churn rate, and the average prediction, one should utilize Vertex Explainable AI. What is the best way to do this?"
2026-10-22,3,"Producción, MLOps y monitorización",32,938,single_choice,Pipeline automation | Testing and validation,MLOps | Pipeline automation | Automated testing | Validation,General,What is the role of automated testing and validation in ML pipeline automation?
2026-10-22,3,"Producción, MLOps y monitorización",33,215,single_choice,Model versioning | Dataset versioning | Experiment tracking | Artifact management,Model versioning | Dataset versioning | Experiment tracking | Artifact tracking | Model management,Vertex AI | Vertex AI Experiments | Vertex AI managed datasets,You are using Vertex AI to manage your ML models and datasets. You recently updated one of your models. You want to track and compare the new version with the previous one and incorporate dataset versioning. What should you do?
2026-10-22,3,"Producción, MLOps y monitorización",34,237,single_choice,Model monitoring,Classification | Metrics | Model monitoring | Precision | Recall | Sampling,General,"You work for a large social network service provider whose users post articles and discuss news. Millions of comments are posted online each day, and more than 200 human moderators constantly review comments and flag those that are inappropriate. Your team is building an ML model to help human moderators check content on the platform. The model scores each comment and flags suspicious comments to be reviewed by a human. Which metric(s) should you use to monitor the model’s performance?"
2026-10-22,3,"Producción, MLOps y monitorización",35,238,single_choice,Streaming data pipelines | Data pipeline,,Cloud Dataflow,Which Google Cloud service is primarily designed for creating and managing streaming data pipelines?
2026-10-22,3,"Producción, MLOps y monitorización",36,251,single_choice,Model monitoring,Evaluation | Metrics | Model monitoring | Precision | Recall | Classification,General,"You are employed by a prominent social network service provider where users publish articles and engage in news discussions. With millions of comments posted daily and over 200 human moderators screening comments for appropriateness, your team is developing an ML model to assist these human moderators in content review. The model assigns scores to each comment and identifies suspicious ones for human review. Which metric(s) should be employed to monitor the model's performance?"
2026-10-22,3,"Producción, MLOps y monitorización",37,254,single_choice,Model development | Model testing | Model deployment | Recommendation types,Recommendation systems | Model development | Model testing | Model deployment,Recommendations AI,"You are designing an ML recommendation model for shoppers on your company's ecommerce website. You will use Recommendations Al to build, test, and deploy your system. How should you develop recommendations that increase revenue while following best practices?"
2026-10-22,3,"Producción, MLOps y monitorización",38,278,single_choice,Streaming data pipelines | Scalability,Streaming data pipelines,General,What is a common challenge when implementing streaming data pipelines at scale?
2026-10-22,3,"Producción, MLOps y monitorización",39,357,single_choice,Data pipeline,Data quality | Data validation | Pipelines,General,What can be used to ensure that pipeline changes do not affect the data quality?
2026-10-22,3,"Producción, MLOps y monitorización",40,464,single_choice,Data pipelines | Batch processing | Stream processing,Data pipelines | Batch processing | Stream processing,Cloud Dataflow,What is a key benefit of using Cloud Data flow for building data pipelines?
2026-10-23,3,"Producción, MLOps y monitorización",1,470,single_choice,Resource management | Labeling resources | Filtering resources | Monitoring resources,Model management | Job management | Versioning | Monitoring | MLOps,Vertex AI,"Working with a large, ever-expanding team of data scientists, all of whom utilise Vertex AI, it is essential to devise a well-structured and extensible approach to managing jobs, models and versions. What strategy should be adopted to ensure successful implementation?"
2026-10-23,3,"Producción, MLOps y monitorización",2,519,single_choice,Model deployment | Model evaluation,Model Evaluation | Model Performance | Metrics | Model Deployment,General,Why is it important to assess the performance of an ML model before deploying it in a real-world application?
2026-10-23,3,"Producción, MLOps y monitorización",3,560,single_choice,Model deployment | Model serving | Virtual machine configuration,Real-time inference | Model size | Batch size | Memory management,Vertex AI,"Deploying a model to Vertex AI for real-time inference can lead to an “Out of Memory” error when a request is made. To combat this, one should consider increasing the allocated memory in the virtual machine, as well as checking for any memory leaks that may be causing the issue. Additionally, it may be necessary to reduce the model size or adjust the batch size of the inference request. What steps would you take to solve this issue?"
2026-10-23,3,"Producción, MLOps y monitorización",4,565,single_choice,Model development,Customer churn prediction | Model interpretability | Logistic regression | Feature impact | scikit-learn,General,Your company's business stakeholders want to understand the factors driving customer churn to inform their business strategy. You need to build a customer churn prediction model that prioritizes simple interpretability of your model's results. You need to choose the ML framework and modeling technique that will explain which features led to the prediction. What should you do?
2026-10-23,3,"Producción, MLOps y monitorización",5,592,single_choice,Data security | Access control,Security | Data Privacy,General,Which principle ensures that data is only accessible to individuals who are authorized to view it?
2026-10-23,3,"Producción, MLOps y monitorización",6,624,single_choice,Model deployment,Model deployment | ML solution architecture | Production environment,General,"In ML solution architecture, what is the purpose of model deployment?"
2026-10-23,3,"Producción, MLOps y monitorización",7,635,single_choice,Data pipelines | Error tracking | Alerting,Data pipelines,Error Reporting,What is the role of Google Cloud‘s Error Reporting in managing data pipelines?
2026-10-23,3,"Producción, MLOps y monitorización",8,674,single_choice,Model development | Artifact tracking | Lineage tracking | Metadata tracking,Model artifacts | Model lineage | ML workflow | Metadata tracking,Vertex AI | Vertex AI Pipelines | Vertex AI SDK,"Your company recently migrated several of is ML models to Google Cloud. You have started developing models in Vertex AI. You need to implement a system that tracks model artifacts and model lineage. You want to create a simple, effective solution that can also be reused for future models. What should you do?"
2026-10-23,3,"Producción, MLOps y monitorización",9,696,single_choice,Data pipeline,MLOps | Version control,General,How can you implement rollback for a data pipeline if an update causes issues?
2026-10-23,3,"Producción, MLOps y monitorización",10,722,single_choice,Prediction delivery | Notifications,Forecasting | Prediction,Firebase | Firebase Cloud Messaging,Your team is constructing an application for a multinational bank that will be utilized by an immense number of customers. You developed a forecasting model that prognosticates customers‘ account balances three days in advance. Your team intends to apply the results in a novel feature that will advise users when their account balance has a high probability of falling beneath $25. How should you present your predictions?
2026-10-23,3,"Producción, MLOps y monitorización",11,746,single_choice,Model development pipeline | Data processing | Sentiment analysis | Speech-to-text,Sentiment analysis | Speech-to-text | Natural Language Processing | Bias and Fairness | Model development pipeline,General,"You are an ML engineer in the contact center of a large enterprise. You need to build a sentiment analysis tool that predicts customer sentiment from recorded phone conversations. You need to identify the best approach to building a model while ensuring that the gender, age, and cultural differences of the customers who called the contact center do not impact any stage of the model development pipeline and results. What should you do?"
2026-10-23,3,"Producción, MLOps y monitorización",12,763,single_choice,Model deployment,Model deployment | ML model development | Production environment,General,What does model deployment involve in the context of ML model development?
2026-10-23,3,"Producción, MLOps y monitorización",13,793,single_choice,Data pipeline | ETL,Data transformations | Data pipeline,General,What is a common pattern for handling data transformations in a data pipeline?
2026-10-23,3,"Producción, MLOps y monitorización",14,816,single_choice,Data pipeline | ETL process design,Data pipelines | ETL,Cloud Data Fusion,What is the role of Data Fusion in designing data pipelines?
2026-10-23,3,"Producción, MLOps y monitorización",15,845,single_choice,MLOps lifecycle | ML Problem Framing,MLOps | ML Problem Framing,General,Which description best defines the core specialization of a Professional Machine Learning Engineer responsible for “Translating business challenges into ML use cases” as an initial step in the MLOps lifecycle?
2026-10-23,3,"Producción, MLOps y monitorización",16,848,single_choice,Data pipeline | ETL pipelines,Data Engineering,Google Cloud Data Fusion,What is the main advantage of using Google Cloud Data Fusion for building data pipelines?
2026-10-23,3,"Producción, MLOps y monitorización",17,920,single_choice,ETL | Data pipelines,ETL | Data pipelines,Cloud Dataflow,"Which Google Cloud service is primarily used for creating and managing ETL (Extract, Transform, Load) data pipelines?"
2026-10-23,3,"Producción, MLOps y monitorización",18,116,single_choice,Model fine-tuning | ML pipelines | Model hosting | Virtual machines,Generative AI | Large Language Models | Fine-tuning | Model hosting | Style transfer,Vertex AI | Model Garden | Vertex AI Pipelines,"You are developing an AI text generator that will be able to dynamically adapt its generated responses to mirror the writing style of the user and mimic famous authors if their style is detected. You have a large dataset of various authors' works, and you plan to host the model on a custom VM. You want to use the most effective model. What should you do?"
2026-10-23,3,"Producción, MLOps y monitorización",19,139,single_choice,Resource organization | Labels | Monitoring | Scalability,MLOps | Model Management | Resource Management,Vertex AI,"You are tasked with developing a strategy to efficiently organize jobs, models, and versions on Vertex AI for your team of over 50 data scientists. Which strategy should you opt for to ensure a clean and scalable organization?"
2026-10-23,3,"Producción, MLOps y monitorización",20,275,single_choice,Model serving | Real-time inference,Natural Language Processing | Word embeddings | Classification | Model performance | Content moderation,Cloud Translation API,"You work for a gaming company that has millions of customers around the world. All games offer a chat feature that allows players to communicate with each other in real time. Messages can be typed in more than 20 languages and are translated in real time using the Cloud Translation API. You have been asked to build an ML system to moderate the chat in real time while assuring that the performance is uniform across the various languages and without changing the serving infrastructure. You trained your first model using an in-house word2vec model for embedding the chat messages translated by the Cloud Translation API. However, the model has significant differences in performance across the different languages. How should you improve it?"
2026-10-23,3,"Producción, MLOps y monitorización",21,303,single_choice,Data pipeline | Automation | Managed services | No-code,,Cloud Data Fusion,"TerramEarth is a company that builds heavy equipment for mining and agriculture. During maintenance services for vehicles produced by TerramEarth at the service centers, information relating to their use is collected together with administrative and billing data. All this information goes through a data pipeline process that you are asked to automate in the fastest and most managed way, possibly without code. Which service do you advise?"
2026-10-23,3,"Producción, MLOps y monitorización",22,402,single_choice,Labels | Resource organization | Filtering | Monitoring,Model versioning | Resource management | Scalability | Monitoring,Vertex AI,"You work on a growing team of more than 50 data scientists who all use Vertex AI. You are designing a strategy to organize your jobs, models, and versions in a clean and scalable way. Which strategy should you choose?"
2026-10-23,3,"Producción, MLOps y monitorización",23,441,single_choice,Video analysis | Event-driven processing | Messaging | Logging,Video analysis | Object detection | Content moderation,Pub/Sub | Cloud Function | Video Intelligence API | Cloud Logging,"You are an ML engineer at a media company. You need to build an ML model to analyze video content, identify objects, and alert users if there is inappropriate content. Which Google Cloud products should you use to build this project?"
2026-10-23,3,"Producción, MLOps y monitorización",24,522,single_choice,Compliance | Security,,General,Which compliance standard focuses on payment card industry security?
2026-10-23,3,"Producción, MLOps y monitorización",25,581,single_choice,Batch data pipelines | ETL jobs,Batch processing | ETL,General,What is a common use case for batch data pipelines?
2026-10-23,3,"Producción, MLOps y monitorización",26,598,single_choice,Serving infrastructure | Real-time processing,Word2vec | Classification | Natural Language Processing | Model performance,Cloud Translation API,"Working for a global gaming company with millions of customers, players are able to communicate in real-time through a chat feature with messages available in over 20 languages. The Cloud Translation API is used to translate messages in real-time for the chat. To moderate the chat in real-time without changing the serving infrastructure, you have been tasked to build an ML system. Your first model employed an in-house word2vec model for the chat messages translated by the Cloud Translation API, but there is notable variation in performance across languages. How can you enhance the model‘s performance?"
2026-10-23,3,"Producción, MLOps y monitorización",27,739,single_choice,Resource organization | Resource labeling | Resource monitoring,Resource management | Model management | MLOps,Vertex AI,"You work on a growing team of more than 50 data scientists who all use Al Platform. You are designing a strategy to organize your jobs, models, and versions in a clean and scalable way. Which strategy should you choose?"
2026-10-23,3,"Producción, MLOps y monitorización",28,750,single_choice,Message delivery | At-least-once delivery,,Google Cloud Pub/Sub,Which feature of Google Cloud Pub/Sub ensures that messages are delivered at least once to subscribers?
2026-10-23,3,"Producción, MLOps y monitorización",29,790,single_choice,Model deployment | ML solution architecture,ML solution architecture | Model deployment,General,Which phase of ML solution architecture involves integrating the ML model into existing systems or applications?
2026-10-23,3,"Producción, MLOps y monitorización",30,835,single_choice,Production ML | Model integration,Production ML | MLOps | Model Integration | ML Roles,General,"In a production ML environment, which role is primarily responsible for ensuring that model predictions are correctly integrated into downstream business workflows and that the model’s output drives measurable business value?"
2026-10-23,3,"Producción, MLOps y monitorización",31,854,single_choice,Recommendation system | Data collection | AI Ethics,Recommendation system | AI Ethics | Metadata | Heuristics | Data collection,General,"Having been approved by an AI Ethics team, you, employed by a firm developing a novel video streaming platform, have been tasked to construct a recommendation system that proposes the next video for a user. Though each video asset in the company‘s catalog contains useful metadata (e.g., release date, country, content type), there is no available historical user event data. How can the recommendation system for the initial version of the product be built?"
2026-10-23,3,"Producción, MLOps y monitorización",32,863,single_choice,Model deployment | Scalability,Large Language Models | Conversational AI | User feedback | Prompt engineering | Summarization | Natural Language Processing,General,"You deployed a conversational application that uses a large language model (LLM). The application has 1,000 users. You collect user feedback about the verbosity and accuracy of the model 's responses. The user feedback indicates that the responses are factually correct but users want different levels of verbosity depending on the type of question. You want the model to return responses that are more consistent with users' expectations, and you want to use a scalable solution. What should you do?"
2026-10-23,3,"Producción, MLOps y monitorización",33,913,single_choice,Model training | AutoML | Model deployment,Image classification | Computer vision | Supervised learning,AutoML Vision,"You work for an ecommerce company that wants to automatically classify products in images to improve user experience. You have a substantial dataset of labeled images depicting various unique products. You need to implement a solution for identifying custom products that is scalable, effective, and can be rapidly deployed. What should you do?"
2026-10-23,3,"Producción, MLOps y monitorización",34,174,single_choice,Video analysis,Video classification | Computer vision | AutoML,AutoML Video Intelligence,"Your team needs to create a model for managing security in restricted areas of campus. Everything that happens in these areas is filmed. Instead of having a physical surveillance service, the videos must be managed by a model capable of intercepting unauthorized people and vehicles, especially at particular times. What are the GCP services that allow you to achieve all this with minimal effort?"
2026-10-23,3,"Producción, MLOps y monitorización",35,272,single_choice,Data analysis,Statistics | Data distribution | Exploratory Data Analysis,General,Which statistical measure is useful for detecting skewness in data distribution?
2026-10-23,3,"Producción, MLOps y monitorización",36,301,single_choice,Edge deployment | Visual inspection | Model selection,Computer Vision | Edge Computing | Low Latency | AutoML | Image Recognition,AutoML Vision Edge,"To reduce the amount of time spent by quality control inspectors on inspecting for product defects, a toy manufacturer experiencing a large increase in demand requires building an ML model. Speedier defect recognition is a priority, yet the factory has unreliable Wi-Fi. Prompt implementation of the new ML model is essential for the company, so which model should you use?"
2026-10-23,3,"Producción, MLOps y monitorización",37,306,single_choice,Model interpretability | Explainable AI,Model Interpretability | Explainable AI | Feature Attribution | MLOps,General,"In a production ML workflow, what is the primary purpose of model interpretability tools such as SHAP, LIME, or feature attribution methods?"
2026-10-23,3,"Producción, MLOps y monitorización",38,318,single_choice,ML problem framing | Roles and responsibilities,Binary classification | Churn prediction | ML problem framing,General,"When a company wants to build a model to predict customer churn, which role is responsible for determining the correct ML problem type (e.g., binary classification) for the task?"
2026-10-23,3,"Producción, MLOps y monitorización",39,494,single_choice,Vector search | Search backend,Semantic search | Vector search | Keyword matching,Vertex AI Vector Search,"You work for a media company that operates a streaming movie platform where users can search for movies in a database. The existing search algorithm uses keyword matching to return results. Recently, you have observed an increase in searches using complex semantic queries that include the movies’ metadata such as the actor, genre, and director. You need to build a revamped search solution that will provide better results, and you need to build this proof of concept as quickly as possible. How should you build the search platform?"
2026-10-23,3,"Producción, MLOps y monitorización",40,511,single_choice,Edge deployment | Offline inference,Computer Vision | Defect detection | Edge ML | Inference latency,AutoML Vision Edge,You work for a toy manufacturer that has been experiencing a large increase in demand. You need to build an ML model to reduce the amount of time spent by quality control inspectors checking for product defects. Faster defect detection is a priority. The factory does not have reliable Wi-Fi. Your company wants to implement the new ML model as soon as possible. Which model should you use?
2026-10-24,3,"Producción, MLOps y monitorización",1,531,single_choice,Edge computing | Model selection | Low-latency serving,Computer Vision | Defect detection | Edge ML | AutoML | Low latency,Vertex AI | AutoML Vision Edge,"You are employed by a toy manufacturer that has witnessed a significant surge in demand. Your task is to create an ML model to expedite the inspection process for product defects, thereby achieving quicker defect detection. There is unreliable Wi-Fi connectivity within the factory, and the company is eager to implement the new ML model promptly. Which model should you select for this purpose?"
2026-10-24,3,"Producción, MLOps y monitorización",2,643,single_choice,Data privacy | Security,,General,What is the primary focus of the Health Insurance Portability and Accountability Act (HIPAA)?
2026-10-24,3,"Producción, MLOps y monitorización",3,654,single_choice,Model development | Forecasting,Time series forecasting | Forecasting | Prediction,General,"You work as an ML engineer at an ecommerce company, and your current assignment involves constructing a model for forecasting the optimal monthly inventory orders for the logistics team. How should you proceed with this task?"
2026-10-24,3,"Producción, MLOps y monitorización",4,686,single_choice,Workflow orchestration | Dependency management,,Cloud Composer,Which service would you use to orchestrate complex workflows and manage dependencies in Google Cloud?
2026-10-24,3,"Producción, MLOps y monitorización",5,745,single_choice,Data privacy | Security,Data anonymization | Data privacy | Personally Identifiable Information (PII),General,What is the primary purpose of data anonymization?
2026-10-24,3,"Producción, MLOps y monitorización",6,890,single_choice,Security | Data encryption | Encryption in transit,,General,What is the purpose of data encryption in transit?
2026-10-24,3,"Producción, MLOps y monitorización",7,891,single_choice,Real-time messaging | Data streaming,Data streaming | Real-time messaging,Pub/Sub,Which service is used for real-time messaging and data streaming in Google Cloud?
2026-10-24,3,"Producción, MLOps y monitorización",8,949,single_choice,Model development | Model inference,Model development | Prediction | Classification,General,What is the primary goal of developing ML models?
2026-10-24,3,"Producción, MLOps y monitorización",9,112,single_choice,Demand forecasting | Model development,Time series forecasting | Demand forecasting,General,You are an ML engineer at an ecommerce company and have been tasked with building a model that predicts how much inventory the logistics team should order each month. Which approach should you take?
2026-10-24,3,"Producción, MLOps y monitorización",10,158,single_choice,Data Visualization,Data Visualization | Exploratory Data Analysis | Descriptive Statistics,General,Which visualization technique is best suited for displaying the distribution of a single continuous variable?
2026-10-24,3,"Producción, MLOps y monitorización",11,186,single_choice,ML problem scoping,Problem scoping | Classification | Regression | Clustering,General,"When scoping a machine learning problem on Google Cloud, which of the following is a key consideration to ensure the problem is well-defined and solvable with ML?"
2026-10-24,3,"Producción, MLOps y monitorización",12,202,single_choice,Data analysis,Outliers | Evaluation | Statistics,General,What is a common method to evaluate the impact of outliers in a dataset?
2026-10-24,3,"Producción, MLOps y monitorización",13,285,single_choice,Compliance | Data Privacy,Data Privacy,General,Which regulation is designed to protect personal data and privacy in the European Union?
2026-10-24,3,"Producción, MLOps y monitorización",14,305,single_choice,Data visualization,Data visualization,General,Which library provides high-level data visualization capabilities and is built on top of Matplotlib?
2026-10-24,3,"Producción, MLOps y monitorización",15,310,single_choice,Managed services | Model development,Machine learning algorithms | CNN,BigQuery ML,"Your company does not have a great ML experience. Therefore they want to start with a service that is as smooth, simple and managed as possible. The idea is to use BigQuery ML. Therefore you are considering whether it can cover all the functionality you need. Various projects start with the design and set up various models using various techniques and algorithms in your company. Which of these techniques/algorithms is not supported by BigQuery ML?"
2026-10-24,3,"Producción, MLOps y monitorización",16,311,single_choice,,Categorical data | One-hot encoding,General,Which technique is used to handle categorical data in machine learning?
2026-10-24,3,"Producción, MLOps y monitorización",17,326,single_choice,Model development,Multi-class classification | Keras Sequential model API | Activation function | Softmax,General,You are a junior Data Scientist and you need to create a multi-class classification Machine Learning model with Keras Sequential model API. You have been asked which activation function to use. Which of the following do you choose?
2026-10-24,3,"Producción, MLOps y monitorización",18,350,single_choice,ML Problem Definition | Business Requirements Analysis,Problem Formulation | Metrics | Evaluation | ML Project Lifecycle,General,"During the early phase of an ML project, which role is primarily responsible for translating business requirements into a clearly defined ML problem and establishing measurable success criteria?"
2026-10-24,3,"Producción, MLOps y monitorización",19,379,single_choice,Machine learning problem definition,Problem definition | Classification | Regression | Clustering,General,"When defining a machine learning problem for a client, which of the following considerations is essential for a Google Cloud Professional Machine Learning Engineer"
2026-10-24,3,"Producción, MLOps y monitorización",20,454,single_choice,Data collection,Data collection | ML model development,General,What is the typical first step in developing an ML model?
2026-10-24,3,"Producción, MLOps y monitorización",21,463,single_choice,Problem framing,Problem framing,General,Which of the following is NOT a common type of ML problem framing?
2026-10-24,3,"Producción, MLOps y monitorización",22,482,single_choice,Model development,Computer Vision | Image segmentation | Image classification,General,"You're an ML engineer in an agricultural research team, focusing on a crop disease detection tool for identifying leaf rust spots in crop images as an indicator of disease presence and severity. These spots exhibit variability in shape and size and are indicative of disease severity levels. Your objective is to create a highly accurate solution for predicting disease presence and severity. What steps should you take?"
2026-10-24,3,"Producción, MLOps y monitorización",23,501,single_choice,Model Selection,Computer Vision | Image Recognition | Classification | Deep Learning | Convolutional Neural Networks | Imbalanced Data,General,The purpose of your current project is the recognition of genuine or forged signatures on checks and documents against regular signatures already stored by the Bank. There is obviously a very low incidence of fake signatures. The system must recognize which customer the signature belongs to and whether the signature is identified as genuine or skilled forged. What kind of ML model do you think is best to use?
2026-10-24,3,"Producción, MLOps y monitorización",24,507,single_choice,Product recommendations,Recommender systems,Recommendations AI,"Your client has an e-commerce site for commercial spare parts for cars with competitive prices. It started with the small car sector but is continually adding products. Since 80% of them operate in a B2B market, he wants to ensure that his customers are encouraged to use the new products that he gradually offers on the site quickly and profitably. Which GCP service can be valuable in this regard and in what way?"
2026-10-24,3,"Producción, MLOps y monitorización",25,585,single_choice,Data visualization | Spatial data visualization | Geographical mapping,,Google Maps Platform,Which visualization tool is best suited for creating geographical maps and visualizing spatial data?
2026-10-24,3,"Producción, MLOps y monitorización",26,591,single_choice,Model selection,Imbalanced datasets | Ensemble methods | Random Forest,General,Which type of machine learning model is best suited for handling highly imbalanced datasets?
2026-10-24,3,"Producción, MLOps y monitorización",27,609,single_choice,Problem definition | Problem framing,Problem definition | Problem framing,General,What is the primary specialization of a Google Cloud Professional Machine Learning Engineer when defining machine learning problems for a project?
2026-10-24,3,"Producción, MLOps y monitorización",28,621,single_choice,Data quality,Data quality,General,"In the context of data quality, what does “accuracy“ refer to?"
2026-10-24,3,"Producción, MLOps y monitorización",29,622,single_choice,Problem definition | ML project lifecycle,Problem definition | Business objective | ML problem type,General,"When starting an ML project as a Google Cloud Professional Machine Learning Engineer, what is one of the first responsibilities during problem definition?"
2026-10-24,3,"Producción, MLOps y monitorización",30,659,single_choice,Data preprocessing,Dimensionality reduction | Principal Component Analysis (PCA),General,Which method is commonly used for reducing the dimensionality of large datasets?
2026-10-24,3,"Producción, MLOps y monitorización",31,753,single_choice,,,General,What is the main goal of the California Consumer Privacy Act (CCPA)?
2026-10-24,3,"Producción, MLOps y monitorización",32,758,single_choice,Model development | Model evaluation,Cross-validation | Model evaluation | Model development | Generalization,General,What is the role of cross-validation in ML model development ?
2026-10-24,3,"Producción, MLOps y monitorización",33,787,single_choice,Model building | Compliance,Traceability | Reproducibility | Interpretability | Compliance | Model building,General,"As a Machine Learning Engineer at a regulated insurance company, it is important to consider a few factors before building a model to approve or reject insurance applications from potential customers. These factors should be taken into account to create an effective and compliant model. What are these considerations?"
2026-10-24,3,"Producción, MLOps y monitorización",34,807,single_choice,ML Problem Framing,ML Problem Framing | Machine Learning,General,What is the primary goal of a Professional Machine Learning Engineer who specializes in the initial and strategic phase of “Translating business challenges into ML use cases” ?
2026-10-24,3,"Producción, MLOps y monitorización",35,813,single_choice,,Feature engineering | Model performance | Model accuracy,General,What is the benefit of using feature engineering in machine learning ?
2026-10-24,3,"Producción, MLOps y monitorización",36,829,single_choice,Model evaluation,Statistics | Hypothesis testing | Evaluation | Statistical significance,General,What is the role of a statistical hypothesis test in machine learning?
2026-10-24,3,"Producción, MLOps y monitorización",37,862,single_choice,Scalability,Scalability | Data loads | Computational demands,General,What does “scalability“ refer to in the context of machine learning systems?
2026-10-24,3,"Producción, MLOps y monitorización",38,867,single_choice,Problem framing | Data collection,Problem framing | Data collection,General,Which of the following is a common pitfall in framing ML problems?
2026-10-24,3,"Producción, MLOps y monitorización",39,905,single_choice,Scalability | Architecture design,Scalability | ML Architecture,General,Which of the following is a key consideration in designing a scalable ML solution architecture?
2026-10-24,3,"Producción, MLOps y monitorización",40,914,single_choice,Data analysis,Descriptive statistics | Statistics,General,"Which statistical method is used to summarize the central tendency, dispersion, and shape of a dataset's distribution?"
